{
"type": "FeatureCollection",
"name": "nj1936lake",
"crs": { "type": "name", "properties": { "name": "urn:ogc:def:crs:OGC:1.3:CRS84" } },
"features": [
{ "type": "Feature", "properties": { "OBJECTID": 473, "type": null, "Time_": null, "Name": null, "Descriptio": null, "SHAPE_Leng": 301.16309264300003, "SHAPE_Area": 2489.2965994699998, "area_m2": 2489.2112434350847, "area_ha": 0.25 }, "geometry": { "type": "Polygon", "coordinates": [ [ [ 118.791407656481041, 32.019824585853016 ], [ 118.791250266750424, 32.019654887410418 ], [ 118.791220209691787, 32.01970470282545 ], [ 118.791138671571488, 32.019836336813292 ], [ 118.791082333394769, 32.019968210968415 ], [ 118.791081205557276, 32.020054088412785 ], [ 118.791092772338573, 32.020132929971155 ], [ 118.791138031693905, 32.020204934899482 ], [ 118.791179184871751, 32.020269743773376 ], [ 118.791211986767593, 32.020330894132115 ], [ 118.791252623194197, 32.020435063253295 ], [ 118.791264565009456, 32.020485278069998 ], [ 118.791263860194846, 32.020538952148272 ], [ 118.791250555742238, 32.020592505232017 ], [ 118.791241451511041, 32.020646098348351 ], [ 118.791186381685648, 32.020681360631883 ], [ 118.791135700028832, 32.020702350022603 ], [ 118.791142172766385, 32.020849137600685 ], [ 118.79118016083622, 32.020835185013368 ], [ 118.791239196057006, 32.020817854129213 ], [ 118.791277230031767, 32.020800323049919 ], [ 118.791349193774209, 32.020758064842084 ], [ 118.791387369707266, 32.020729799283451 ], [ 118.791426532221834, 32.020626390721617 ], [ 118.791440071482754, 32.020554946256887 ], [ 118.791428505420285, 32.020476104736794 ], [ 118.791399857631376, 32.020418572922544 ], [ 118.79136309133068, 32.020339491228611 ], [ 118.791326466040786, 32.020249675068918 ], [ 118.791327546671141, 32.02016737607191 ], [ 118.79134103895457, 32.020099509163835 ], [ 118.791371050146353, 32.020053273089054 ], [ 118.791405213498223, 32.020010653674191 ], [ 118.791418846622946, 32.019932053199256 ], [ 118.791407656481041, 32.019824585853016 ] ] ] } },
{ "type": "Feature", "properties": { "OBJECTID": 1924, "type": null, "Time_": null, "Name": null, "Descriptio": null, "SHAPE_Leng": 322.73373872600001, "SHAPE_Area": 5497.4899378800001, "area_m2": 5497.3014354989637, "area_ha": 0.55 }, "geometry": { "type": "Polygon", "coordinates": [ [ [ 118.765692432477707, 32.034461564603816 ], [ 118.765509067309338, 32.034350988326104 ], [ 118.765443499658232, 32.034353212813457 ], [ 118.76542297205377, 32.034380210232982 ], [ 118.765420658524121, 32.0344274263622 ], [ 118.765426630360309, 32.034483311032545 ], [ 118.765435981844718, 32.034537798502988 ], [ 118.765458621520864, 32.034603866147513 ], [ 118.765453935815415, 32.034702590862622 ], [ 118.7654327742829, 32.034776821664934 ], [ 118.765368972526574, 32.034897874090667 ], [ 118.765317124853055, 32.035004729188991 ], [ 118.765285689630659, 32.035093173615266 ], [ 118.765312928746425, 32.035192210117778 ], [ 118.765362136625171, 32.035323787663529 ], [ 118.765441768152812, 32.035390171332587 ], [ 118.765545943299372, 32.035453812883119 ], [ 118.765642877085881, 32.035535276429897 ], [ 118.765747172568922, 32.035589971346525 ], [ 118.765829521938088, 32.035516456070738 ], [ 118.765852132633512, 32.03545941774447 ], [ 118.765864605305296, 32.035406574659923 ], [ 118.765896424097676, 32.035289504606659 ], [ 118.765914214523491, 32.035090704280854 ], [ 118.765898813745935, 32.03498605818784 ], [ 118.765896701278336, 32.034892992223014 ], [ 118.765886053776015, 32.034809863854889 ], [ 118.765865650259926, 32.034702305235193 ], [ 118.765838738134192, 32.03457893763661 ], [ 118.765692432477707, 32.034461564603816 ] ] ] } },
{ "type": "Feature", "properties": { "OBJECTID": 1925, "type": null, "Time_": null, "Name": null, "Descriptio": null, "SHAPE_Leng": 33.227848731900004, "SHAPE_Area": 80.533910288599998, "area_m2": 80.531148878865238, "area_ha": 0.01 }, "geometry": { "type": "Polygon", "coordinates": [ [ [ 118.766788308835359, 32.035807115766985 ], [ 118.766772703948789, 32.035801238135292 ], [ 118.766741338565325, 32.035800933039035 ], [ 118.766712009190172, 32.035815917256734 ], [ 118.766707068362209, 32.035850224253636 ], [ 118.766724427847009, 32.035892382935046 ], [ 118.766784969160099, 32.035889154002447 ], [ 118.766800983367844, 32.035864498384797 ], [ 118.766816973051618, 32.03584175053966 ], [ 118.766817049796799, 32.035836025442855 ], [ 118.766788308835359, 32.035807115766985 ] ] ] } },
{ "type": "Feature", "properties": { "OBJECTID": 1926, "type": null, "Time_": null, "Name": null, "Descriptio": null, "SHAPE_Leng": 62.6489826886, "SHAPE_Area": 271.03556836000001, "area_m2": 271.02627489268701, "area_ha": 0.03 }, "geometry": { "type": "Polygon", "coordinates": [ [ [ 118.767091961617439, 32.03605437226431 ], [ 118.767024776970615, 32.036051810891884 ], [ 118.766982107843489, 32.036059029779992 ], [ 118.766952856217742, 32.03606828896509 ], [ 118.766919045412877, 32.036083228742591 ], [ 118.766882689040159, 32.036121048026317 ], [ 118.766882151846175, 32.036161123702954 ], [ 118.766906309250842, 32.036197621732875 ], [ 118.766946584274763, 32.036201831273289 ], [ 118.767013871331386, 32.036196759828329 ], [ 118.767061481253435, 32.036155233018086 ], [ 118.767108938735277, 32.036125156393247 ], [ 118.767120293548302, 32.036113815125312 ], [ 118.767113956159577, 32.03608512428152 ], [ 118.767091961617439, 32.03605437226431 ] ] ] } },
{ "type": "Feature", "properties": { "OBJECTID": 1927, "type": null, "Time_": null, "Name": null, "Descriptio": null, "SHAPE_Leng": 424.88770187799997, "SHAPE_Area": 2176.16258161, "area_m2": 2176.0879635800757, "area_ha": 0.22 }, "geometry": { "type": "Polygon", "coordinates": [ [ [ 118.767857956817551, 32.036093693385268 ], [ 118.767805547312179, 32.036033539672509 ], [ 118.767779960579617, 32.036061920214308 ], [ 118.767602574464107, 32.036131769097814 ], [ 118.767408417466754, 32.036199068762805 ], [ 118.767265243352782, 32.036223920930546 ], [ 118.767116245229715, 32.036265415924909 ], [ 118.766992002719022, 32.036340552553781 ], [ 118.766909767096521, 32.036416096723634 ], [ 118.766819321348365, 32.036477247274327 ], [ 118.766650654348524, 32.036523322229762 ], [ 118.76643447689905, 32.036561776944161 ], [ 118.766243598697457, 32.036593320633344 ], [ 118.765965650504384, 32.036643102101337 ], [ 118.765847583874304, 32.036675353882806 ], [ 118.76591361045179, 32.036764270142719 ], [ 118.765978308530748, 32.036743428440325 ], [ 118.766121643735389, 32.036706650627131 ], [ 118.766222683699326, 32.036690933418051 ], [ 118.766531532577147, 32.036634294272005 ], [ 118.766820810859585, 32.036575078993053 ], [ 118.766997973536334, 32.036521928681175 ], [ 118.767076962041898, 32.03647975302782 ], [ 118.767125304629658, 32.036425350626125 ], [ 118.767153949092489, 32.03637791351219 ], [ 118.767230071796519, 32.036340481728693 ], [ 118.767308612540077, 32.036331701723547 ], [ 118.767395809737593, 32.036303920286123 ], [ 118.767660489228163, 32.036199134159787 ], [ 118.767821071815121, 32.036129120986132 ], [ 118.767857956817551, 32.036093693385268 ] ] ] } },
{ "type": "Feature", "properties": { "OBJECTID": 1928, "type": null, "Time_": null, "Name": null, "Descriptio": null, "SHAPE_Leng": 350.52318040199998, "SHAPE_Area": 1999.8528537699999, "area_m2": 1999.7842815441247, "area_ha": 0.2 }, "geometry": { "type": "Polygon", "coordinates": [ [ [ 118.765754402330856, 32.036815048193411 ], [ 118.765713612415936, 32.036723991630723 ], [ 118.765217626867951, 32.036950582424041 ], [ 118.7646402016005, 32.037193077316445 ], [ 118.76427151421494, 32.037325473397622 ], [ 118.764170601468905, 32.037331646606845 ], [ 118.764146915484901, 32.037426846975855 ], [ 118.764320865083619, 32.037404684255719 ], [ 118.76451206592246, 32.03734928928143 ], [ 118.764762397067585, 32.037270612777284 ], [ 118.765055310595542, 32.037149405860511 ], [ 118.76544961701029, 32.036986241817566 ], [ 118.765754402330856, 32.036815048193411 ] ] ] } },
{ "type": "Feature", "properties": { "OBJECTID": 1929, "type": null, "Time_": null, "Name": null, "Descriptio": null, "SHAPE_Leng": 44.318045856600001, "SHAPE_Area": 120.37274531200001, "area_m2": 120.36861787683804, "area_ha": 0.01 }, "geometry": { "type": "Polygon", "coordinates": [ [ [ 118.76390796643301, 32.037283756504017 ], [ 118.763816096753885, 32.037242302874368 ], [ 118.763769942280447, 32.037342055016673 ], [ 118.763864549617992, 32.037388307206399 ], [ 118.76390796643301, 32.037283756504017 ] ] ] } },
{ "type": "Feature", "properties": { "OBJECTID": 1935, "type": null, "Time_": null, "Name": null, "Descriptio": null, "SHAPE_Leng": 77.886250029899998, "SHAPE_Area": 347.88942504300002, "area_m2": 347.87749623703661, "area_ha": 0.03 }, "geometry": { "type": "Polygon", "coordinates": [ [ [ 118.764359057938506, 32.030446116289625 ], [ 118.764304534189662, 32.030335242928999 ], [ 118.764061811312729, 32.030422343772038 ], [ 118.764105753619361, 32.030539078890634 ], [ 118.764204202896863, 32.030507233422611 ], [ 118.764359057938506, 32.030446116289625 ] ] ] } },
{ "type": "Feature", "properties": { "OBJECTID": 1936, "type": null, "Time_": null, "Name": null, "Descriptio": null, "SHAPE_Leng": 3492.69867823, "SHAPE_Area": 94170.185217200007, "area_m2": 41935.011430379898, "area_ha": 4.19 }, "geometry": { "type": "Polygon", "coordinates": [ [ [ 118.763281984607985, 32.037130688812553 ], [ 118.763324032049695, 32.037128116123547 ], [ 118.763365958161756, 32.037134489874767 ], [ 118.763654462312232, 32.03728939636958 ], [ 118.763690590243982, 32.037206247010168 ], [ 118.763488839631165, 32.037108848209677 ], [ 118.763430011354188, 32.037057576863859 ], [ 118.763364943197274, 32.036949582265059 ], [ 118.763339945491012, 32.036725672729041 ], [ 118.763351969454149, 32.03661246618649 ], [ 118.763400242560678, 32.036407163896804 ], [ 118.763444053247568, 32.036273391953827 ], [ 118.763491484275377, 32.036130707661073 ], [ 118.763550579097696, 32.035901653467249 ], [ 118.763581147805823, 32.035711089942694 ], [ 118.763611996897055, 32.035499653715021 ], [ 118.763636085895456, 32.035270258070952 ], [ 118.763638410157995, 32.035097312553184 ], [ 118.763704665551458, 32.03485639937761 ], [ 118.763742033511122, 32.034680812705773 ], [ 118.763825629881481, 32.034451997215541 ], [ 118.763901784823844, 32.034255913221102 ], [ 118.763984818462262, 32.034068843871744 ], [ 118.7640008642216, 32.033916906599217 ], [ 118.764003147620784, 32.033746942576755 ], [ 118.763995250037794, 32.033553021923211 ], [ 118.763974432560957, 32.033278455535942 ], [ 118.763945652484296, 32.033075383644906 ], [ 118.763855347772932, 32.032761370865217 ], [ 118.763794744668033, 32.032581846948382 ], [ 118.763762264743249, 32.032393650469082 ], [ 118.763709303240873, 32.032166486253779 ], [ 118.763626160530137, 32.031840613534641 ], [ 118.763542819068149, 32.031529650355971 ], [ 118.763103831052632, 32.03163272867809 ], [ 118.763109348000356, 32.031743124457854 ], [ 118.763178686832831, 32.032053951300355 ], [ 118.763329150737832, 32.032580288496035 ], [ 118.763382271796985, 32.032795526614748 ], [ 118.763437891279509, 32.033085344052431 ], [ 118.763465146293939, 32.033401724152121 ], [ 118.763474900797277, 32.033717934459119 ], [ 118.763454191842413, 32.033956309831908 ], [ 118.76340278090376, 32.034134741414867 ], [ 118.763370715292737, 32.034176179515661 ], [ 118.763341790120876, 32.034244488458548 ], [ 118.763316164649609, 32.034327740210699 ], [ 118.763283898505136, 32.03438408786382 ], [ 118.763262053687683, 32.03444650105488 ], [ 118.763254331838354, 32.034500106168039 ], [ 118.763207863462128, 32.03457122589186 ], [ 118.763200100438738, 32.034627811642487 ], [ 118.763191656968615, 32.03473508924229 ], [ 118.763187594519891, 32.034776800459625 ], [ 118.763172670756632, 32.034845245938101 ], [ 118.763164708292877, 32.03491674126964 ], [ 118.763174326872601, 32.034982444218002 ], [ 118.763146776725407, 32.035208824056888 ], [ 118.763059356997417, 32.035461459101477 ], [ 118.762990081437607, 32.035666555468495 ], [ 118.762979138708488, 32.035699253705474 ], [ 118.762961274710946, 32.035725918716125 ], [ 118.762946831757219, 32.035758582797648 ], [ 118.762932388804899, 32.035791245975517 ], [ 118.762931907631312, 32.03582702822893 ], [ 118.76294530807769, 32.035871891764714 ], [ 118.762951988788117, 32.035895814314202 ], [ 118.762951788297514, 32.035910723886872 ], [ 118.762947886056011, 32.035940507967865 ], [ 118.762929902764284, 32.035976118545143 ], [ 118.762915620147666, 32.03599685550374 ], [ 118.762876832845947, 32.036017352449036 ], [ 118.762834626575028, 32.036031851227683 ], [ 118.762739911725632, 32.036045838478707 ], [ 118.762781356074797, 32.036087993759189 ], [ 118.762805538914265, 32.036112087109977 ], [ 118.762818900283605, 32.036159933122143 ], [ 118.762828839533114, 32.036201780947522 ], [ 118.762842361327614, 32.036237699841188 ], [ 118.762848399360024, 32.036309331750033 ], [ 118.762828130157786, 32.03651490618585 ], [ 118.762816826348029, 32.036574440184744 ], [ 118.762801982171183, 32.036636922479609 ], [ 118.762787177026183, 32.03669642230642 ], [ 118.76274802952058, 32.036743754995143 ], [ 118.762726624884905, 32.036773368257741 ], [ 118.762701439245305, 32.036823820031763 ], [ 118.762672793432344, 32.036871256085682 ], [ 118.762647808270543, 32.036906799179818 ], [ 118.762640004540003, 32.036966367316872 ], [ 118.762471305986836, 32.037274870895651 ], [ 118.762301322420385, 32.037678791996569 ], [ 118.762054204087335, 32.038090907286382 ], [ 118.76192714703862, 32.038426656833096 ], [ 118.761905661470792, 32.038462233035965 ], [ 118.761895911133806, 32.038482681898209 ], [ 118.761994406757537, 32.038513753563045 ], [ 118.762622584463358, 32.038375744824592 ], [ 118.762686255434645, 32.038357399200358 ], [ 118.76269148615529, 32.038344652407496 ], [ 118.763096667530817, 32.037373422041306 ], [ 118.763154039204423, 32.037272586631559 ], [ 118.763253739891823, 32.037148305857698 ], [ 118.763281984607985, 32.037130688812553 ] ] ] } },
{ "type": "Feature", "properties": { "OBJECTID": 1937, "type": null, "Time_": null, "Name": null, "Descriptio": null, "SHAPE_Leng": 191.50586409900001, "SHAPE_Area": 985.539258507, "area_m2": 985.50546535658395, "area_ha": 0.1 }, "geometry": { "type": "Polygon", "coordinates": [ [ [ 118.765252543188225, 32.030074527640458 ], [ 118.765195034065343, 32.029977344159775 ], [ 118.765093457121338, 32.030033613375458 ], [ 118.764409345515986, 32.030298927313787 ], [ 118.764458260515198, 32.030410342006597 ], [ 118.764838504487841, 32.030249428164112 ], [ 118.765252543188225, 32.030074527640458 ] ] ] } },
{ "type": "Feature", "properties": { "OBJECTID": 477, "type": null, "Time_": null, "Name": null, "Descriptio": null, "SHAPE_Leng": 154.66192779400001, "SHAPE_Area": 850.34366051500001, "area_m2": 850.31450293603723, "area_ha": 0.09 }, "geometry": { "type": "Polygon", "coordinates": [ [ [ 118.793723859387782, 32.024784175742468 ], [ 118.793626963972343, 32.024485031308444 ], [ 118.793374798489367, 32.024494560881891 ], [ 118.793376848171675, 32.024551839164772 ], [ 118.793505746389201, 32.024545907810136 ], [ 118.793542602882738, 32.024725192607512 ], [ 118.793416097076644, 32.024762162081402 ], [ 118.793464747764389, 32.024896229101152 ], [ 118.793602047332584, 32.024890377591966 ], [ 118.793723859387782, 32.024784175742468 ] ] ] } },
{ "type": "Feature", "properties": { "OBJECTID": 478, "type": null, "Time_": null, "Name": null, "Descriptio": null, "SHAPE_Leng": 1462.3133589, "SHAPE_Area": 15556.9111314, "area_m2": 15556.377699159711, "area_ha": 1.56 }, "geometry": { "type": "Polygon", "coordinates": [ [ [ 118.795005563858211, 32.026992479427477 ], [ 118.794832197955245, 32.026758217844986 ], [ 118.794744742090145, 32.026700127843199 ], [ 118.79456889331189, 32.026655511318026 ], [ 118.794380397333498, 32.026614354105682 ], [ 118.794241882568286, 32.02660588017141 ], [ 118.793964993829391, 32.026578195592165 ], [ 118.793663045027387, 32.026539537115248 ], [ 118.793433344315147, 32.026437147936967 ], [ 118.793291990085152, 32.026324864218786 ], [ 118.793155493635794, 32.026162524710919 ], [ 118.793068977962378, 32.026032869065816 ], [ 118.793011817913182, 32.025907070782033 ], [ 118.793038144948966, 32.025821433224181 ], [ 118.793054593335071, 32.025528138152879 ], [ 118.793055954205599, 32.025424369362753 ], [ 118.793031879823829, 32.025338252067144 ], [ 118.793003651964938, 32.025248516333612 ], [ 118.792981219127824, 32.02503716041484 ], [ 118.793021555035295, 32.024844295538692 ], [ 118.793028571052204, 32.024629641012481 ], [ 118.792979436207517, 32.024532549375152 ], [ 118.792811851435999, 32.024498745828886 ], [ 118.792543229538026, 32.024481873630009 ], [ 118.792303632905913, 32.024493906681826 ], [ 118.792038740859155, 32.024512856117973 ], [ 118.791694046124022, 32.02453104371412 ], [ 118.791277901436544, 32.024552129137561 ], [ 118.790967605733627, 32.024509804982031 ], [ 118.790636593565793, 32.024445810918827 ], [ 118.790427056025038, 32.024408026131027 ], [ 118.790396102300122, 32.024525827274744 ], [ 118.790567979531374, 32.024552517146844 ], [ 118.791062705875348, 32.024625230079373 ], [ 118.791394189978377, 32.024653440364368 ], [ 118.791897505307688, 32.024711916323746 ], [ 118.792265851583281, 32.024812049879309 ], [ 118.792466286858414, 32.024903425744583 ], [ 118.792561857715413, 32.024983066144337 ], [ 118.792673526386437, 32.025116540512613 ], [ 118.792742019532213, 32.025339070790231 ], [ 118.792761282987982, 32.025471665307997 ], [ 118.792817035412256, 32.025704810937789 ], [ 118.792869056981075, 32.025902132943799 ], [ 118.792903855444649, 32.026131500155337 ], [ 118.792944167622665, 32.026260716105597 ], [ 118.793014445524648, 32.026347273203932 ], [ 118.793130879007151, 32.026437848459643 ], [ 118.793281056491907, 32.026518008944358 ], [ 118.793648848718178, 32.026661076482171 ], [ 118.794088563596418, 32.026765462702286 ], [ 118.794210371313795, 32.026766621044011 ], [ 118.794369559716742, 32.026800342967547 ], [ 118.794465837293629, 32.026826308811223 ], [ 118.794536679527042, 32.026869926373713 ], [ 118.794632441673258, 32.026935253273351 ], [ 118.794740711834322, 32.027007855886367 ], [ 118.794815473716241, 32.027072982140176 ], [ 118.794898213989399, 32.027170393361409 ], [ 118.794935173332533, 32.027235160274664 ], [ 118.795029999082018, 32.027372051444324 ], [ 118.79512571630751, 32.027440956451009 ], [ 118.79529969210526, 32.027628700456269 ], [ 118.795361573193418, 32.027715176508188 ], [ 118.795431620284944, 32.027819623695954 ], [ 118.795472358223762, 32.027916635536144 ], [ 118.795628425658975, 32.027868016102182 ], [ 118.79559590031549, 32.027785397910371 ], [ 118.795538361093563, 32.027688226516268 ], [ 118.795211830172519, 32.027280734154054 ], [ 118.795005563858211, 32.026992479427477 ] ] ] } },
{ "type": "Feature", "properties": { "OBJECTID": 479, "type": null, "Time_": null, "Name": null, "Descriptio": null, "SHAPE_Leng": 687.82163539500004, "SHAPE_Area": 14598.2575695, "area_m2": 14597.757009159721, "area_ha": 1.46 }, "geometry": { "type": "Polygon", "coordinates": [ [ [ 118.79141052718569, 32.027034610561778 ], [ 118.791453156923382, 32.02698730095161 ], [ 118.791453861791993, 32.026933627825763 ], [ 118.791436869216128, 32.026894696743412 ], [ 118.791381492007076, 32.026846453012681 ], [ 118.791301574257417, 32.026800957301759 ], [ 118.791179537079856, 32.026764007715485 ], [ 118.791134308313147, 32.026742700996152 ], [ 118.791082314798118, 32.02670343618604 ], [ 118.791027133750859, 32.026640283457006 ], [ 118.790937146546838, 32.026561887217532 ], [ 118.790874339066704, 32.026546376720624 ], [ 118.790800639060507, 32.026560585558805 ], [ 118.790737125260861, 32.026598749001266 ], [ 118.790662602317397, 32.026675576539915 ], [ 118.790612972545347, 32.026722818218232 ], [ 118.790539192932584, 32.026742990067476 ], [ 118.790440912914377, 32.02676292907173 ], [ 118.790402058101122, 32.026789397902839 ], [ 118.790369732731321, 32.02685171616703 ], [ 118.79032663321486, 32.026934808082181 ], [ 118.790266659136094, 32.026970022183825 ], [ 118.790081460703149, 32.026944397705584 ], [ 118.79001188747992, 32.026910929547427 ], [ 118.789890084934541, 32.026856086485388 ], [ 118.78964624602493, 32.026764292262278 ], [ 118.789569643362256, 32.026999157712332 ], [ 118.789666786474939, 32.027065694459608 ], [ 118.789697347650829, 32.027137559566171 ], [ 118.789686297812835, 32.027179205174086 ], [ 118.78967513031013, 32.02722979644556 ], [ 118.789695033858081, 32.027313488574592 ], [ 118.789720997140947, 32.027468812840183 ], [ 118.789743773247309, 32.027600248277487 ], [ 118.78971805589056, 32.027692451751072 ], [ 118.789661031947276, 32.027769445683823 ], [ 118.789551896789831, 32.027816119821139 ], [ 118.789435799818207, 32.027859744535178 ], [ 118.789364657013309, 32.027945550321078 ], [ 118.789356400741895, 32.02804090238017 ], [ 118.789376068762181, 32.028142486772943 ], [ 118.789433690344268, 32.028286183677508 ], [ 118.789502558325509, 32.028373325241574 ], [ 118.789565562908919, 32.028373926699736 ], [ 118.789618302929654, 32.028356537474622 ], [ 118.789671669397819, 32.0282914374109 ], [ 118.789739469111822, 32.028193670799936 ], [ 118.789836721304724, 32.027985842736385 ], [ 118.789865781730541, 32.027905599896343 ], [ 118.789940895555787, 32.027784045467868 ], [ 118.789990565471356, 32.027733821593323 ], [ 118.790095573106171, 32.027734823591089 ], [ 118.790190158284474, 32.027729761235889 ], [ 118.790267594437893, 32.027697695740272 ], [ 118.790362885096897, 32.027638960157304 ], [ 118.790408897999342, 32.027600629977464 ], [ 118.790441145231796, 32.027544275794895 ], [ 118.790466509099431, 32.027478908253983 ], [ 118.790499069789036, 32.027398698640084 ], [ 118.790517158324704, 32.027354138132793 ], [ 118.790594712685689, 32.027313125865618 ], [ 118.790710612530205, 32.027284408902439 ], [ 118.790906899278255, 32.027265405156577 ], [ 118.791072272140497, 32.027201373329568 ], [ 118.79141052718569, 32.027034610561778 ] ] ] } },
{ "type": "Feature", "properties": { "OBJECTID": 480, "type": null, "Time_": null, "Name": null, "Descriptio": null, "SHAPE_Leng": 59.063211406100002, "SHAPE_Area": 237.289602898, "area_m2": 237.28146647156973, "area_ha": 0.02 }, "geometry": { "type": "Polygon", "coordinates": [ [ [ 118.791036334422031, 32.027911795504274 ], [ 118.790965258064901, 32.027886067350501 ], [ 118.790906453292209, 32.027885506639734 ], [ 118.790860156197255, 32.027892222062064 ], [ 118.790822118111961, 32.02790975291326 ], [ 118.790821600907691, 32.027949114031799 ], [ 118.790871487406321, 32.027988954890375 ], [ 118.790879794525623, 32.027996190993797 ], [ 118.790925950633479, 32.02800021000666 ], [ 118.791009768759139, 32.028015323885079 ], [ 118.791047947879136, 32.027987058536588 ], [ 118.791048370963452, 32.027954854310401 ], [ 118.791036334422031, 32.027911795504274 ] ] ] } },
{ "type": "Feature", "properties": { "OBJECTID": 474, "type": null, "Time_": null, "Name": null, "Descriptio": null, "SHAPE_Leng": 135.81092488900001, "SHAPE_Area": 924.42779105700004, "area_m2": 924.39609313545338, "area_ha": 0.09 }, "geometry": { "type": "Polygon", "coordinates": [ [ [ 118.792068164496996, 32.021026158603703 ], [ 118.792073772394573, 32.020918851322072 ], [ 118.792065983376702, 32.020872255033645 ], [ 118.792037006369284, 32.020839770722311 ], [ 118.791999159293226, 32.020842989112111 ], [ 118.791977736481115, 32.020874992442749 ], [ 118.791972972709445, 32.020917891162348 ], [ 118.791947397616184, 32.020946277836352 ], [ 118.791884537902973, 32.020934942316785 ], [ 118.791800960861607, 32.020901937792594 ], [ 118.79173012447535, 32.020858318805359 ], [ 118.79167524258736, 32.02087926839291 ], [ 118.791645561128675, 32.020900457176843 ], [ 118.791652834271886, 32.020986415571379 ], [ 118.79169422302013, 32.021033332025382 ], [ 118.791769165836087, 32.021084147957289 ], [ 118.791844249641059, 32.021124228488667 ], [ 118.791898426121236, 32.021156952906978 ], [ 118.791952932426042, 32.021164629946952 ], [ 118.79202050806586, 32.021136644257766 ], [ 118.792037636768882, 32.021111756016069 ], [ 118.792042353562792, 32.021072435747726 ], [ 118.792068164496996, 32.021026158603703 ] ] ] } },
{ "type": "Feature", "properties": { "OBJECTID": 475, "type": null, "Time_": null, "Name": null, "Descriptio": null, "SHAPE_Leng": 63.547856583300003, "SHAPE_Area": 284.54269131299998, "area_m2": 284.53293456421591, "area_ha": 0.03 }, "geometry": { "type": "Polygon", "coordinates": [ [ [ 118.791959991754098, 32.021586981247054 ], [ 118.791918178906954, 32.021572268231829 ], [ 118.791867449953017, 32.021596835455043 ], [ 118.7918250734986, 32.02162506203436 ], [ 118.791778497803932, 32.021653247689187 ], [ 118.79176108712474, 32.021699603898078 ], [ 118.791773217226137, 32.021735506662331 ], [ 118.791827489031519, 32.021761074221672 ], [ 118.791898983646036, 32.021754598440317 ], [ 118.791932818664591, 32.021737027169131 ], [ 118.791941406035491, 32.021722794276855 ], [ 118.791958629850711, 32.021690750058042 ], [ 118.791967358095604, 32.021665782707899 ], [ 118.791959991754098, 32.021586981247054 ] ] ] } },
{ "type": "Feature", "properties": { "OBJECTID": 2062, "type": null, "Time_": null, "Name": null, "Descriptio": null, "SHAPE_Leng": 7356.7366546699996, "SHAPE_Area": 159177.22592500001, "area_m2": 155331.62907524162, "area_ha": 15.53 }, "geometry": { "type": "Polygon", "coordinates": [ [ [ 118.76356395385055, 32.030848646912048 ], [ 118.763741294443278, 32.030677407831114 ], [ 118.763896430468591, 32.030595418574606 ], [ 118.763987599468763, 32.030584377741903 ], [ 118.763989842534244, 32.030417396090144 ], [ 118.763926917272983, 32.030410817874191 ], [ 118.763829147983088, 32.030391971230692 ], [ 118.763780464184634, 32.030367639197358 ], [ 118.763723897965377, 32.030408838556149 ], [ 118.763673771857128, 32.030491851561258 ], [ 118.763623164848923, 32.030610646835456 ], [ 118.76358019883601, 32.030681800923468 ], [ 118.763516792579978, 32.030711004790966 ], [ 118.763453466422519, 32.030734245511809 ], [ 118.763397300575591, 32.030745626440051 ], [ 118.763320533266551, 32.030726984228451 ], [ 118.763272490691961, 32.030654942584512 ], [ 118.763259130844261, 32.030607096603916 ], [ 118.763260493514878, 32.030505714658005 ], [ 118.763261776017117, 32.030410296725698 ], [ 118.763263058525411, 32.03031487789027 ], [ 118.763276151350638, 32.029861708941546 ], [ 118.763264313474451, 32.02970055385898 ], [ 118.76327307786238, 32.029569421906629 ], [ 118.763267439480813, 32.029467970756897 ], [ 118.76323355879893, 32.029384138530077 ], [ 118.763199517864365, 32.029312233425429 ], [ 118.763187120117593, 32.029192823746577 ], [ 118.763195243284954, 32.029109401216964 ], [ 118.763211167904757, 32.02896640950285 ], [ 118.763298272949029, 32.028215740433268 ], [ 118.763349571792233, 32.02752436638773 ], [ 118.763454841347993, 32.026463723456054 ], [ 118.763460771037586, 32.026022413051329 ], [ 118.763442654621556, 32.025807516161542 ], [ 118.763429135029142, 32.025771598218576 ], [ 118.7634091756738, 32.025693865667115 ], [ 118.763410297533071, 32.025610373894011 ], [ 118.76341165977324, 32.025508991862338 ], [ 118.763421945821122, 32.025264550624691 ], [ 118.763375508529421, 32.025073235830916 ], [ 118.763321750234681, 32.024905707025148 ], [ 118.763248994773576, 32.02458888187671 ], [ 118.763100120105648, 32.024205705906851 ], [ 118.763080241465659, 32.024122010181095 ], [ 118.763018603011375, 32.024020013596932 ], [ 118.76298408316633, 32.023983889848452 ], [ 118.762908523935096, 32.023875792611491 ], [ 118.762888967225592, 32.023768242588446 ], [ 118.762883730191632, 32.023636973951298 ], [ 118.762878012212767, 32.023541486732164 ], [ 118.762858696094384, 32.023416044638743 ], [ 118.762874138970446, 32.023308836054738 ], [ 118.76291066247137, 32.023195867414046 ], [ 118.76295498685252, 32.023023331332013 ], [ 118.762956830381, 32.022886166949725 ], [ 118.762966155283678, 32.0227132894276 ], [ 118.762925597304971, 32.022605533625388 ], [ 118.76287820032411, 32.022485782385587 ], [ 118.762782765416645, 32.022293989325483 ], [ 118.762741806986327, 32.022216052675127 ], [ 118.762694089764452, 32.022120155654491 ], [ 118.762667453021692, 32.022018500401018 ], [ 118.762647815694038, 32.021916913436876 ], [ 118.762656098827406, 32.021821562800447 ], [ 118.762640069180193, 32.021451611064165 ], [ 118.762628073715618, 32.021302382921817 ], [ 118.76258767704222, 32.021182699870238 ], [ 118.762505922929037, 32.021014898402932 ], [ 118.762253501659671, 32.020523350719316 ], [ 118.762158389700446, 32.020307702016787 ], [ 118.762117754493715, 32.020205909999092 ], [ 118.762077038108984, 32.020110081980995 ], [ 118.761887941327146, 32.019595293376504 ], [ 118.76183394797026, 32.019445655112108 ], [ 118.761786393464007, 32.019337831527046 ], [ 118.761752838442206, 32.019230143712932 ], [ 118.761753961510308, 32.01914665280858 ], [ 118.761748325047733, 32.019045201486236 ], [ 118.761715813029809, 32.018859986776611 ], [ 118.761621266568696, 32.01860259224668 ], [ 118.761574113860405, 32.018464950274748 ], [ 118.761491480250513, 32.01836274701968 ], [ 118.761394367208482, 32.018296190233606 ], [ 118.761223627598525, 32.017978406785303 ], [ 118.761113238311978, 32.0178580395566 ], [ 118.761051685221091, 32.017750078946641 ], [ 118.760997533690244, 32.017612367487693 ], [ 118.760792682547532, 32.017228641844603 ], [ 118.760745771512802, 32.017073107507457 ], [ 118.760684220422561, 32.016965145838803 ], [ 118.760664104477982, 32.016899340899954 ], [ 118.760623070888414, 32.016827366736493 ], [ 118.760610596279008, 32.016713919812126 ], [ 118.760497464752447, 32.016277410330595 ], [ 118.760442752787, 32.016181444097654 ], [ 118.760444519269456, 32.016050243720137 ], [ 118.760439126255903, 32.015930902078139 ], [ 118.760447490147527, 32.015829588410547 ], [ 118.760506617856677, 32.015597553221063 ], [ 118.760570657776398, 32.015520641083455 ], [ 118.760635017645981, 32.015419874608952 ], [ 118.760705975906617, 32.015348994811987 ], [ 118.760797531378387, 32.015308138463659 ], [ 118.760938082963918, 32.015267759832241 ], [ 118.761239220464176, 32.015258772778516 ], [ 118.761337775526698, 32.015217984401389 ], [ 118.761534000853871, 32.01520200716417 ], [ 118.761730548010547, 32.01516217533046 ], [ 118.761969412009449, 32.015098897936667 ], [ 118.762201036310955, 32.015053443859827 ], [ 118.762369905056772, 32.014989482550369 ], [ 118.762517455397358, 32.014949171345563 ], [ 118.76277015676807, 32.014897957058118 ], [ 118.762896628088498, 32.014863403684309 ], [ 118.763155768113165, 32.014854002396255 ], [ 118.763295997622905, 32.014837476323216 ], [ 118.763471464661407, 32.014803400119781 ], [ 118.763611934295696, 32.014768983405069 ], [ 118.764033102446362, 32.014683621701025 ], [ 118.764222807759921, 32.01463179056848 ], [ 118.764588139105442, 32.01453395330757 ], [ 118.764897474026498, 32.014435570583323 ], [ 118.765340757691348, 32.01426691787357 ], [ 118.765712445682453, 32.014216855916835 ], [ 118.766337870634615, 32.014038042483698 ], [ 118.766646803774677, 32.01396947379412 ], [ 118.767271107529382, 32.013874147709046 ], [ 118.767614795936652, 32.013823807084364 ], [ 118.768035078719734, 32.013804032724188 ], [ 118.768287455120642, 32.013776661642581 ], [ 118.768651503027527, 32.013774231745813 ], [ 118.768958759286022, 32.013830895057694 ], [ 118.769599753908125, 32.014057799802224 ], [ 118.769794701889253, 32.014137229005371 ], [ 118.76992721245351, 32.014174300446989 ], [ 118.770066643310159, 32.014217403679744 ], [ 118.770381060115, 32.014262204279959 ], [ 118.770563045812096, 32.014263968508956 ], [ 118.770773188089834, 32.014254075734002 ], [ 118.771362174735273, 32.014182245550316 ], [ 118.772070945952038, 32.014051926889294 ], [ 118.772239885947243, 32.013981989059914 ], [ 118.772464741697917, 32.01391855611606 ], [ 118.773181145040724, 32.013740590087252 ], [ 118.773588937579362, 32.013607351159003 ], [ 118.774045168607245, 32.013516330170589 ], [ 118.774206947603247, 32.013458249202522 ], [ 118.774769755157024, 32.013248967210075 ], [ 118.775113993160701, 32.013156860395164 ], [ 118.775304086242642, 32.013075193949973 ], [ 118.775409552474699, 32.013040426047368 ], [ 118.775542937369707, 32.013011891512264 ], [ 118.775711714359787, 32.012953876150917 ], [ 118.776090867827776, 32.012868068500076 ], [ 118.776294324953653, 32.012834244503075 ], [ 118.776213740337212, 32.012576994801933 ], [ 118.775644972196432, 32.012708688481709 ], [ 118.77547619562209, 32.01276670376653 ], [ 118.775237741715699, 32.012800188506837 ], [ 118.774886268425277, 32.01291011846692 ], [ 118.774738488226291, 32.012968335563521 ], [ 118.774324018919785, 32.013077655355481 ], [ 118.77425354903383, 32.013112761470126 ], [ 118.774092246036474, 32.013135059974594 ], [ 118.774008333361095, 32.01312828495967 ], [ 118.773993527431699, 32.013116812547388 ], [ 118.773919696222848, 32.013146254592897 ], [ 118.77369856907174, 32.013211224038741 ], [ 118.773680749933987, 32.013231284666823 ], [ 118.773519925070445, 32.013322775396283 ], [ 118.773427104083765, 32.013354086008974 ], [ 118.772985238524612, 32.013417806476362 ], [ 118.772724432628152, 32.013447491309968 ], [ 118.772408601933094, 32.013508851267275 ], [ 118.772197904777983, 32.013560491552425 ], [ 118.771991264105139, 32.013622907436798 ], [ 118.771662690561669, 32.01369487791257 ], [ 118.771582467226395, 32.013726309163239 ], [ 118.771439250750888, 32.013757129285715 ], [ 118.77118226029414, 32.013815477213477 ], [ 118.770967697316735, 32.01384202753664 ], [ 118.770753372020181, 32.013850687143453 ], [ 118.770697609174107, 32.013848294402194 ], [ 118.770612939329723, 32.013860770759507 ], [ 118.770152984596052, 32.013883553750645 ], [ 118.76974561983036, 32.013736432708356 ], [ 118.769016574162166, 32.013526111113713 ], [ 118.768394028132946, 32.013433783894399 ], [ 118.767786342235311, 32.013447471379351 ], [ 118.767524153966505, 32.013482952506934 ], [ 118.767128767336459, 32.01352563260172 ], [ 118.766451478282761, 32.013604935085944 ], [ 118.76624512160933, 32.013645872773331 ], [ 118.766150169289304, 32.013661094643183 ], [ 118.765924765443415, 32.013704096898167 ], [ 118.765896563586324, 32.013710348902499 ], [ 118.765567491106978, 32.01380270436313 ], [ 118.765359970377546, 32.013878222482433 ], [ 118.765029719384955, 32.013970438805487 ], [ 118.764639572865931, 32.014091892231491 ], [ 118.764383054048693, 32.014166931460494 ], [ 118.7642316461273, 32.014234047591181 ], [ 118.764090617144404, 32.014310211444425 ], [ 118.763929069828976, 32.014350388097462 ], [ 118.763701068613187, 32.01438693482838 ], [ 118.763508264600588, 32.014408912719929 ], [ 118.763347197483682, 32.014413307141531 ], [ 118.763087938528571, 32.014431654447129 ], [ 118.762839138672106, 32.014453085199811 ], [ 118.762579558926703, 32.014495286674439 ], [ 118.762474086530659, 32.014530043735775 ], [ 118.762273841180118, 32.014584752236054 ], [ 118.762157989567584, 32.01461046187611 ], [ 118.76203167873048, 32.014633086461679 ], [ 118.761856291758264, 32.014661196641548 ], [ 118.761653067760818, 32.014677106063004 ], [ 118.761438822977254, 32.014731675638266 ], [ 118.761252535196093, 32.014789500765232 ], [ 118.761157601386003, 32.014821378596196 ], [ 118.761076626098799, 32.014856373761781 ], [ 118.760883138368101, 32.014929039575179 ], [ 118.760844359676994, 32.014949536176523 ], [ 118.760767125436416, 32.014966675069402 ], [ 118.760654812527591, 32.014989435041919 ], [ 118.760584657338143, 32.015000678189594 ], [ 118.760497004001365, 32.015011750287776 ], [ 118.760399010870515, 32.015010792550797 ], [ 118.760295666253981, 32.014985128000184 ], [ 118.760150694234014, 32.01503066662027 ], [ 118.759982180970482, 32.015044097149492 ], [ 118.759882039301075, 32.015031207260179 ], [ 118.75965357312063, 32.01527744932671 ], [ 118.759691933810942, 32.015273472740319 ], [ 118.759790409194267, 32.015238649605152 ], [ 118.759881723962778, 32.015215684187297 ], [ 118.759937959917792, 32.015198340529885 ], [ 118.760000795194486, 32.015210884505457 ], [ 118.760048988153514, 32.015271000151238 ], [ 118.760040944119282, 32.015348458594175 ], [ 118.760012304023206, 32.015395894337324 ], [ 118.759954781718648, 32.015508656052873 ], [ 118.759882055505415, 32.01571073667111 ], [ 118.759874494314232, 32.015752413680488 ], [ 118.759873209030502, 32.015847831711177 ], [ 118.759886002918833, 32.015937423503665 ], [ 118.759933071572178, 32.016081030983884 ], [ 118.760067359777992, 32.016505819071696 ], [ 118.760154820632849, 32.016769109377378 ], [ 118.760330385149629, 32.017247981241368 ], [ 118.760547468111412, 32.017763044759313 ], [ 118.760676689147843, 32.018044636334622 ], [ 118.760831821137586, 32.018481556884055 ], [ 118.760942051287515, 32.018613851506743 ], [ 118.761132105084783, 32.019057076779852 ], [ 118.761329159821173, 32.019500370146986 ], [ 118.761478100340483, 32.019877584979 ], [ 118.761524451172889, 32.020074864477436 ], [ 118.761537327360998, 32.020158492079013 ], [ 118.761577561787064, 32.020290102579018 ], [ 118.761652794656428, 32.020422054826597 ], [ 118.76172223186758, 32.02046448378195 ], [ 118.761796984808072, 32.020632218283133 ], [ 118.76193900986425, 32.02100340024063 ], [ 118.762006922606048, 32.021159139131029 ], [ 118.7620611577766, 32.021290886152663 ], [ 118.762108392717593, 32.021422564818558 ], [ 118.762176467501007, 32.021566375591135 ], [ 118.762188142517616, 32.021739458043825 ], [ 118.762192655683307, 32.021924400193228 ], [ 118.762190971494775, 32.022049636515234 ], [ 118.762203367303101, 32.0221690463665 ], [ 118.762243282671648, 32.022324511841056 ], [ 118.762289796605145, 32.022509863016325 ], [ 118.762351434331734, 32.02261186084489 ], [ 118.7624191885117, 32.022779525760903 ], [ 118.76244550547591, 32.022905036243962 ], [ 118.762450339888559, 32.023066123185608 ], [ 118.762439491454927, 32.023352309814861 ], [ 118.762437727303507, 32.023483511041853 ], [ 118.762435482025353, 32.023650492778366 ], [ 118.76243395841928, 32.023763802841671 ], [ 118.762480874302454, 32.023919335638951 ], [ 118.762601745663233, 32.024302239051458 ], [ 118.762723900749293, 32.02458972435074 ], [ 118.762783454805628, 32.024846776561596 ], [ 118.762843971186484, 32.025032264116817 ], [ 118.762800206690756, 32.025163054647976 ], [ 118.762778083340748, 32.02524634150685 ], [ 118.762776640251516, 32.025353686635789 ], [ 118.762779551069272, 32.025657901856682 ], [ 118.762819709254956, 32.02579547507267 ], [ 118.762825347056847, 32.025896926281781 ], [ 118.762872585238043, 32.026028604656069 ], [ 118.762892464040135, 32.026112300395404 ], [ 118.762849018664696, 32.026219236630162 ], [ 118.762840895529749, 32.026302659173282 ], [ 118.762884126524781, 32.026732520418761 ], [ 118.762917685313482, 32.026840207910617 ], [ 118.762915440601716, 32.027007190490593 ], [ 118.762913917400397, 32.027120499612828 ], [ 118.762897109810964, 32.027329090999586 ], [ 118.762916748363949, 32.027430677876175 ], [ 118.762901304667864, 32.02753788728274 ], [ 118.762865099950247, 32.027627000635327 ], [ 118.762821573597776, 32.027739899932222 ], [ 118.762802281154833, 32.028133364078634 ], [ 118.762791993924822, 32.028377806020551 ], [ 118.762733584278436, 32.028556169221524 ], [ 118.762733183352552, 32.02858598749733 ], [ 118.762704058092453, 32.028669205062229 ], [ 118.762703015652008, 32.028746732757142 ], [ 118.762700610010526, 32.028925642402513 ], [ 118.762705846823707, 32.029056910941193 ], [ 118.762724924156728, 32.029200243225986 ], [ 118.762743921349852, 32.029349539521341 ], [ 118.762770078902108, 32.029486976986178 ], [ 118.762796316714855, 32.029618450429716 ], [ 118.762795113946808, 32.029707905243896 ], [ 118.762765668655547, 32.029814977968719 ], [ 118.762764546040714, 32.029898468764451 ], [ 118.76278386415666, 32.030023909886488 ], [ 118.762850422429835, 32.030281030256113 ], [ 118.762848818766884, 32.030400303331376 ], [ 118.762861376545573, 32.030507785887238 ], [ 118.762844729390665, 32.030704449121863 ], [ 118.762842564388237, 32.030865468483071 ], [ 118.762868562088016, 32.031014832134346 ], [ 118.762909444088322, 32.031098733654233 ], [ 118.762963926470192, 32.031212589127179 ], [ 118.76300512829313, 32.031272635453931 ], [ 118.763052529572832, 32.031392386601539 ], [ 118.763086009907667, 32.031506037131223 ], [ 118.76349349482679, 32.031402652541367 ], [ 118.763453814365789, 32.031229296383366 ], [ 118.763455096703581, 32.031133878454959 ], [ 118.763477140894878, 32.031056555588748 ], [ 118.7634993453307, 32.0309673055879 ], [ 118.76356395385055, 32.030848646912048 ] ] ] } },
{ "type": "Feature", "properties": { "OBJECTID": 2097, "type": null, "Time_": null, "Name": null, "Descriptio": null, "SHAPE_Leng": 1807.4324209500001, "SHAPE_Area": 36778.016874300003, "area_m2": 36776.75577320742, "area_ha": 3.68 }, "geometry": { "type": "Polygon", "coordinates": [ [ [ 118.777777256969657, 32.012442919826718 ], [ 118.778809319970662, 32.012214283195767 ], [ 118.77920301965672, 32.012086854189285 ], [ 118.77958987771062, 32.011947430254764 ], [ 118.779948420834927, 32.011831590273232 ], [ 118.780348722126007, 32.011734044406637 ], [ 118.780650164692091, 32.011701155543015 ], [ 118.781063831483621, 32.011651451833949 ], [ 118.781218604415514, 32.011593294453945 ], [ 118.781289070582659, 32.011558185267688 ], [ 118.78132454043984, 32.011522738889674 ], [ 118.781444474588554, 32.011452317719076 ], [ 118.781536096352596, 32.011405481974386 ], [ 118.781655793469255, 32.01135295191618 ], [ 118.781789252033533, 32.011318446610467 ], [ 118.781986414229621, 32.011230873038365 ], [ 118.78248541042305, 32.011080588179723 ], [ 118.782731328229303, 32.011011374124166 ], [ 118.782879258156996, 32.01094122023968 ], [ 118.782992348396348, 32.010858803128855 ], [ 118.783414822197614, 32.010671993087968 ], [ 118.783619453805287, 32.01054870136069 ], [ 118.783846026679541, 32.010354047058186 ], [ 118.78393843266339, 32.010247572305154 ], [ 118.784151872184822, 32.009987181920877 ], [ 118.784259693758088, 32.009773493944628 ], [ 118.784488388731518, 32.009417817185849 ], [ 118.784149842535172, 32.009080562331931 ], [ 118.784050123526939, 32.009210824716725 ], [ 118.783898495782964, 32.009561274760841 ], [ 118.783762992628482, 32.009750838556755 ], [ 118.783705345263144, 32.009875540113292 ], [ 118.783613332222117, 32.009952196098119 ], [ 118.783393444297687, 32.010170772563399 ], [ 118.782857883163032, 32.010439999715985 ], [ 118.782294715836329, 32.010679138054819 ], [ 118.781563091605847, 32.010952441992686 ], [ 118.780922532308068, 32.011220652094948 ], [ 118.780753997417762, 32.0112607832409 ], [ 118.780550941130102, 32.011264795981177 ], [ 118.780291495809365, 32.011298087599627 ], [ 118.780094726982142, 32.011355839941018 ], [ 118.779841569710413, 32.011442871879595 ], [ 118.779489394228406, 32.011606488796183 ], [ 118.779081460397705, 32.011751674406035 ], [ 118.778603770943235, 32.011878293381642 ], [ 118.778175311338799, 32.011987491202269 ], [ 118.777746772654524, 32.012102651623408 ], [ 118.777402461829766, 32.012200729827306 ], [ 118.77724124026355, 32.012217068335133 ], [ 118.777094413038796, 32.012203723994205 ], [ 118.777044942939582, 32.012239034164672 ], [ 118.776973761785428, 32.012327814798688 ], [ 118.776875058995017, 32.01238054282981 ], [ 118.776727280836056, 32.012438762301102 ], [ 118.776607579633023, 32.012491287593924 ], [ 118.776445881949059, 32.012543408542768 ], [ 118.776484946218488, 32.012764470428245 ], [ 118.777173495046583, 32.012574283193338 ], [ 118.777777256969657, 32.012442919826718 ] ] ] } },
{ "type": "Feature", "properties": { "OBJECTID": 2108, "type": null, "Time_": null, "Name": null, "Descriptio": null, "SHAPE_Leng": 4996.2225738899997, "SHAPE_Area": 125310.07809, "area_m2": 78335.186672026568, "area_ha": 7.83 }, "geometry": { "type": "Polygon", "coordinates": [ [ [ 118.793869454884785, 32.024678091782008 ], [ 118.793936719991308, 32.024673959688108 ], [ 118.794020535666959, 32.024689071521884 ], [ 118.794154940855705, 32.024690349681102 ], [ 118.794250145241762, 32.024691254964438 ], [ 118.794334148492879, 32.024692053678578 ], [ 118.794396189057153, 32.024659243174533 ], [ 118.79452524361858, 32.024641383506733 ], [ 118.794687275648897, 32.024671553121443 ], [ 118.794849619098358, 32.02467786796079 ], [ 118.794933623414138, 32.02467866628767 ], [ 118.794989937221885, 32.024655342997669 ], [ 118.795127820919106, 32.024621959044204 ], [ 118.795083357929585, 32.024375799349087 ], [ 118.795073975887021, 32.024252105997363 ], [ 118.79471633834396, 32.024270029857597 ], [ 118.794499233865793, 32.024274739441609 ], [ 118.794354983617737, 32.024216303591885 ], [ 118.794248931199817, 32.024087610858793 ], [ 118.794164653565147, 32.023941759992823 ], [ 118.79404680939939, 32.023764991659526 ], [ 118.793979227859751, 32.023560090665939 ], [ 118.793870821873014, 32.023329991540564 ], [ 118.793787459634331, 32.023011317339936 ], [ 118.793697657006263, 32.022680508207273 ], [ 118.793584446220081, 32.022402565549243 ], [ 118.793534651493488, 32.022114808795898 ], [ 118.793551268759558, 32.021751772388555 ], [ 118.793577050544656, 32.021341356693334 ], [ 118.793521729513159, 32.020868641859131 ], [ 118.793438097345302, 32.020555919047602 ], [ 118.79327680810303, 32.02025849752161 ], [ 118.793156887727264, 32.019974371263054 ], [ 118.793044595823602, 32.019523605328466 ], [ 118.79291860642428, 32.019066423750552 ], [ 118.792797696388789, 32.018651134130799 ], [ 118.792695563769129, 32.01828415209917 ], [ 118.792577107287315, 32.01781529968553 ], [ 118.792506458791706, 32.017371877681512 ], [ 118.792385922549329, 32.016795667684839 ], [ 118.792312823284163, 32.016405808377904 ], [ 118.792273832902083, 32.016034963885716 ], [ 118.792277472630062, 32.01580262668535 ], [ 118.792224686474668, 32.015580335387469 ], [ 118.792052162425875, 32.015222934859658 ], [ 118.791918553053037, 32.014932392488092 ], [ 118.791797923366119, 32.014511151151396 ], [ 118.791768099568387, 32.014092927515023 ], [ 118.791673057749932, 32.013571208581929 ], [ 118.79152503547401, 32.013137135821786 ], [ 118.791386624858163, 32.012798749810642 ], [ 118.791164495960032, 32.012302609156954 ], [ 118.791001690439401, 32.011885926017705 ], [ 118.790817659342792, 32.01147449768083 ], [ 118.790715539462752, 32.011107515097613 ], [ 118.790575499193608, 32.010804837060192 ], [ 118.790474743191794, 32.010408097379774 ], [ 118.790346594148545, 32.009998526137935 ], [ 118.790215448560119, 32.009654420271858 ], [ 118.790113776873255, 32.009430503342209 ], [ 118.789912514197098, 32.009090026761569 ], [ 118.789725222057015, 32.008750014393819 ], [ 118.789553161714011, 32.008535677874107 ], [ 118.789162571666651, 32.008510770294286 ], [ 118.78861886711951, 32.008468848922142 ], [ 118.788066815676302, 32.008456449890112 ], [ 118.787660103887646, 32.008478089070991 ], [ 118.787195676355353, 32.008476945391564 ], [ 118.786798955012685, 32.008463747460262 ], [ 118.786520883023854, 32.008425885799454 ], [ 118.786126562450349, 32.008360313700209 ], [ 118.785621145171234, 32.008276738261003 ], [ 118.785448262319463, 32.008292986253579 ], [ 118.785375907712137, 32.008316410208145 ], [ 118.785173768959609, 32.008357418535191 ], [ 118.784959299983669, 32.008484197586505 ], [ 118.78477257328862, 32.00863032773281 ], [ 118.784586287831956, 32.008743060533078 ], [ 118.784274865960001, 32.009002512674428 ], [ 118.784590118779292, 32.009301371749821 ], [ 118.785025605819428, 32.008976304715084 ], [ 118.785307708249846, 32.008816772894122 ], [ 118.785521738171312, 32.008723391254314 ], [ 118.785757094455306, 32.008711329798587 ], [ 118.786204971567741, 32.008720387449557 ], [ 118.786563008257247, 32.008747671577318 ], [ 118.786730293787443, 32.008801758790327 ], [ 118.787020575644249, 32.008871337666307 ], [ 118.787244294281393, 32.008892562561137 ], [ 118.787356215930274, 32.008898404486558 ], [ 118.787445804155197, 32.008899260944837 ], [ 118.787529855607488, 32.008895292542071 ], [ 118.787681097947598, 32.008891967195538 ], [ 118.787877637307602, 32.008850901366245 ], [ 118.788365337262618, 32.008812615922096 ], [ 118.788689654204731, 32.008849114796632 ], [ 118.789042093828371, 32.008876338490353 ], [ 118.789332376797987, 32.008945911210944 ], [ 118.78958812406762, 32.009086728212175 ], [ 118.789682685120667, 32.009135346579434 ], [ 118.789737925674785, 32.009193132550315 ], [ 118.789776053942731, 32.00927461279106 ], [ 118.789797573592864, 32.009341620739093 ], [ 118.789813368262671, 32.009418116005193 ], [ 118.789845710006205, 32.009513856635998 ], [ 118.789911146015825, 32.009648085273767 ], [ 118.790056811606519, 32.010069374499665 ], [ 118.790116397887914, 32.010222632918605 ], [ 118.790223057453446, 32.010629235150091 ], [ 118.790276543206204, 32.010820608484103 ], [ 118.790391060030942, 32.011055507994399 ], [ 118.790443292955047, 32.011342301352002 ], [ 118.790525279674554, 32.011495773188223 ], [ 118.790551835062374, 32.011605773169826 ], [ 118.790595752744622, 32.011672993649064 ], [ 118.790649867462719, 32.011816657694879 ], [ 118.790829385824068, 32.012219182186243 ], [ 118.790851157481782, 32.012267104860456 ], [ 118.790872615892638, 32.012338883906487 ], [ 118.790893322559214, 32.012467913741304 ], [ 118.790978966674757, 32.012769340072502 ], [ 118.791047500659346, 32.013094460806691 ], [ 118.791140939081288, 32.013228955714176 ], [ 118.79128308136535, 32.01349274713926 ], [ 118.79136791451127, 32.013856195288959 ], [ 118.791439733348412, 32.014357895514998 ], [ 118.79149021761701, 32.014778275988569 ], [ 118.791568326490179, 32.015227549056597 ], [ 118.791638553739745, 32.015423852248105 ], [ 118.7917591792595, 32.015620636438037 ], [ 118.791834757824446, 32.015836077982364 ], [ 118.791969115824287, 32.016266800016581 ], [ 118.792022233568403, 32.016486798467518 ], [ 118.792030365231284, 32.016720683130792 ], [ 118.792084046731802, 32.016897742791642 ], [ 118.792110605333988, 32.017007742438821 ], [ 118.792175799275768, 32.017161053255769 ], [ 118.792243526564349, 32.017548196256534 ], [ 118.792230887732558, 32.0176578225838 ], [ 118.792229135136253, 32.017791410124858 ], [ 118.792221719789055, 32.01792971470239 ], [ 118.792243117863009, 32.018006263883919 ], [ 118.792281502116253, 32.018068660114551 ], [ 118.792319824897689, 32.018135826715955 ], [ 118.792329396862812, 32.018259979253273 ], [ 118.792367281641972, 32.018360542950134 ], [ 118.792416490981054, 32.018451671630956 ], [ 118.7925774784254, 32.01898762131534 ], [ 118.792685533332559, 32.019289259736723 ], [ 118.792705680636772, 32.019461227989368 ], [ 118.79274791406344, 32.019657264927339 ], [ 118.792784485881455, 32.019858018920736 ], [ 118.792888257016358, 32.02005941345363 ], [ 118.792931617198647, 32.020169571927028 ], [ 118.792986240629276, 32.02027506661976 ], [ 118.793045150792125, 32.020480805007828 ], [ 118.793071648879589, 32.020595575718986 ], [ 118.793109222585343, 32.020719993761539 ], [ 118.793218156791497, 32.020954837530155 ], [ 118.793304692223657, 32.021189468976409 ], [ 118.793336353372396, 32.021337689125694 ], [ 118.793333914144398, 32.021523757034942 ], [ 118.793373273781, 32.021939258770551 ], [ 118.793392983924221, 32.022144623980907 ], [ 118.793466319752611, 32.022531819532944 ], [ 118.793487218441044, 32.02264653596206 ], [ 118.793552732113881, 32.022775991545082 ], [ 118.793579544086114, 32.02286690668322 ], [ 118.793611518831085, 32.022991272194282 ], [ 118.793687043660228, 32.023211483003543 ], [ 118.793702594493737, 32.023307062856041 ], [ 118.793712918996789, 32.023373962692453 ], [ 118.793728156180194, 32.023493397086021 ], [ 118.793754468293443, 32.023622479654847 ], [ 118.793859120873705, 32.023757079234912 ], [ 118.794045775826632, 32.024045149304357 ], [ 118.794177992319689, 32.024213412017005 ], [ 118.794149366654608, 32.024260854869993 ], [ 118.7940481881473, 32.02428852209782 ], [ 118.793918195131695, 32.024377945843732 ], [ 118.79380525364256, 32.024448445083671 ], [ 118.793726474937188, 32.024476325112872 ], [ 118.793813139749176, 32.024701413655329 ], [ 118.793869454884785, 32.024678091782008 ] ] ] } },
{ "type": "Feature", "properties": { "OBJECTID": 2132, "type": null, "Time_": null, "Name": null, "Descriptio": null, "SHAPE_Leng": 190.98386433799999, "SHAPE_Area": 703.21554881999998, "area_m2": 703.19143639069375, "area_ha": 0.07 }, "geometry": { "type": "Polygon", "coordinates": [ [ [ 118.764897663017422, 32.033673080369006 ], [ 118.764846037532166, 32.033606969204186 ], [ 118.764831635639922, 32.033636651077508 ], [ 118.764784088001221, 32.033788280681627 ], [ 118.764774284246954, 32.033996940388306 ], [ 118.764774942967406, 32.034208683965311 ], [ 118.764790082732006, 32.034384781650331 ], [ 118.764838328523709, 32.034441914070982 ], [ 118.76487735386975, 32.034403525338845 ], [ 118.764868374623134, 32.034290113969654 ], [ 118.764855412744524, 32.0342124498667 ], [ 118.764853073531626, 32.034125943406856 ], [ 118.764854594770853, 32.03401263342527 ], [ 118.764866897684172, 32.033878553944298 ], [ 118.764896141851295, 32.033786390358486 ], [ 118.764897663017422, 32.033673080369006 ] ] ] } },
{ "type": "Feature", "properties": { "OBJECTID": 476, "type": null, "Time_": null, "Name": null, "Descriptio": null, "SHAPE_Leng": 517.73004389200003, "SHAPE_Area": 9931.6619173700001, "area_m2": 9931.3213685365226, "area_ha": 0.99 }, "geometry": { "type": "Polygon", "coordinates": [ [ [ 118.79140727714038, 32.023052553164675 ], [ 118.791516526822804, 32.023050015436695 ], [ 118.791885336796298, 32.023114367249697 ], [ 118.792108082549902, 32.023105753327158 ], [ 118.792171365333346, 32.023084883593107 ], [ 118.792222188958704, 32.023053159367933 ], [ 118.792223128045876, 32.022981594834775 ], [ 118.792194385122258, 32.022931219193588 ], [ 118.792119863207191, 32.022848200121693 ], [ 118.792011694961431, 32.022768438500329 ], [ 118.791736979300453, 32.022576151377606 ], [ 118.791604032560528, 32.022463945936629 ], [ 118.791487746478623, 32.022362634028518 ], [ 118.791463768238046, 32.022269360448597 ], [ 118.791477166812285, 32.022208650456179 ], [ 118.791524024768165, 32.022158995115504 ], [ 118.791612836628417, 32.022113318435323 ], [ 118.791672248383236, 32.022067362461129 ], [ 118.791727271902033, 32.022035678441796 ], [ 118.791748834946958, 32.021992939801834 ], [ 118.791753645868951, 32.021946462649616 ], [ 118.791700031600428, 32.021870799434019 ], [ 118.791620607104974, 32.021841413249341 ], [ 118.791519806426606, 32.0218404527049 ], [ 118.791469312132108, 32.021847128404481 ], [ 118.791410464219524, 32.021850146473 ], [ 118.791326181723932, 32.021870815693042 ], [ 118.791237839878235, 32.021880709465655 ], [ 118.791149638994611, 32.021879868724014 ], [ 118.791095038348701, 32.021879348233227 ], [ 118.79103153857497, 32.022236611150674 ], [ 118.791068821217962, 32.02227633176193 ], [ 118.791097611382384, 32.022323129202405 ], [ 118.791121918230985, 32.022391355488629 ], [ 118.791120790324442, 32.022477232901416 ], [ 118.791102956159335, 32.022555794158173 ], [ 118.791055627788126, 32.022641231132305 ], [ 118.791013391613205, 32.022658722065877 ], [ 118.790942178263649, 32.022643728428015 ], [ 118.790843760407057, 32.023100861114777 ], [ 118.790936161741669, 32.023101742135196 ], [ 118.791024363789006, 32.023102583053792 ], [ 118.791134130492054, 32.023060685405895 ], [ 118.791314875839078, 32.023051672488656 ], [ 118.79140727714038, 32.023052553164675 ] ] ] } },
{ "type": "Feature", "properties": { "OBJECTID": 2167, "type": null, "Time_": null, "Name": null, "Descriptio": null, "SHAPE_Leng": 50.3286359246, "SHAPE_Area": 185.07482793599999, "area_m2": 185.06848190739527, "area_ha": 0.02 }, "geometry": { "type": "Polygon", "coordinates": [ [ [ 118.79035091108841, 32.022793509903607 ], [ 118.790321650886682, 32.022782494996356 ], [ 118.790275450389558, 32.022782054274614 ], [ 118.790250014289384, 32.022799705213686 ], [ 118.79021575528779, 32.022849479356296 ], [ 118.790232085256108, 32.022885422321771 ], [ 118.790290369501008, 32.022925343507829 ], [ 118.790332416760549, 32.022922165708941 ], [ 118.790362382401824, 32.022879507476091 ], [ 118.790392017771268, 32.022861897471579 ], [ 118.790392441001018, 32.022829693227152 ], [ 118.790384135443929, 32.022822456206896 ], [ 118.79035091108841, 32.022793509903607 ] ] ] } },
{ "type": "Feature", "properties": { "OBJECTID": 2168, "type": null, "Time_": null, "Name": null, "Descriptio": null, "SHAPE_Leng": 128.35723328099999, "SHAPE_Area": 916.55301715899998, "area_m2": 916.52158932440136, "area_ha": 0.09 }, "geometry": { "type": "Polygon", "coordinates": [ [ [ 118.790656278072831, 32.022570965322963 ], [ 118.790593606551056, 32.022545317155469 ], [ 118.790525935409249, 32.022580458942258 ], [ 118.790460676646745, 32.022751612825111 ], [ 118.790468654110512, 32.022783897196483 ], [ 118.790489325576729, 32.022809144844373 ], [ 118.790526843294842, 32.022830975165114 ], [ 118.790572621712471, 32.022863620052533 ], [ 118.790609999495643, 32.022896183906383 ], [ 118.790630528910228, 32.022932166872266 ], [ 118.790700896177214, 32.023011569183573 ], [ 118.790781528244949, 32.022629419379676 ], [ 118.790739950190371, 32.022596814621174 ], [ 118.790656278072831, 32.022570965322963 ] ] ] } },
{ "type": "Feature", "properties": { "OBJECTID": 2169, "type": null, "Time_": null, "Name": null, "Descriptio": null, "SHAPE_Leng": 225.17493171000001, "SHAPE_Area": 3094.76594419, "area_m2": 3094.6598271346838, "area_ha": 0.31 }, "geometry": { "type": "Polygon", "coordinates": [ [ [ 118.790682591126554, 32.022166825943842 ], [ 118.790784238293298, 32.022103378656972 ], [ 118.790893063804589, 32.022133045692414 ], [ 118.790934624644549, 32.021847148055535 ], [ 118.790830140772002, 32.021806785759495 ], [ 118.790776104276091, 32.021763326426893 ], [ 118.790654914505396, 32.021715647793542 ], [ 118.790587996255525, 32.021693538029432 ], [ 118.79051253643155, 32.021682081659335 ], [ 118.790453688608338, 32.021685099285683 ], [ 118.79042410064973, 32.021699131768521 ], [ 118.790398524875854, 32.021727517208049 ], [ 118.790372712904954, 32.021773793981815 ], [ 118.790363749094851, 32.021816652560751 ], [ 118.790362432407647, 32.021916842856534 ], [ 118.790336244156322, 32.021991745417878 ], [ 118.790306091756108, 32.022048716565983 ], [ 118.79028415074103, 32.022120081631876 ], [ 118.790257586129016, 32.02222360996786 ], [ 118.790286187746005, 32.022284720480449 ], [ 118.790331870704577, 32.022324521436985 ], [ 118.790373542546234, 32.022349969424191 ], [ 118.790432295687054, 32.022354108735868 ], [ 118.790504025937977, 32.022329742406278 ], [ 118.790537861425477, 32.022312171520589 ], [ 118.790593073532847, 32.022266175108193 ], [ 118.790635638699712, 32.022223636961506 ], [ 118.790682591126554, 32.022166825943842 ] ] ] } },
{ "type": "Feature", "properties": { "OBJECTID": 2170, "type": null, "Time_": null, "Name": null, "Descriptio": null, "SHAPE_Leng": 149.918037661, "SHAPE_Area": 1047.9327984900001, "area_m2": 1047.8968657119087, "area_ha": 0.1 }, "geometry": { "type": "Polygon", "coordinates": [ [ [ 118.790031598582814, 32.022159423311074 ], [ 118.789975943709067, 32.022132648825185 ], [ 118.789950711594628, 32.022134793094253 ], [ 118.789928122865319, 32.022148892243315 ], [ 118.789913025238519, 32.022232251299172 ], [ 118.789920641812046, 32.022291968677578 ], [ 118.789928320062842, 32.022346914779249 ], [ 118.78993876822733, 32.02240427324314 ], [ 118.789954784407286, 32.022464070768109 ], [ 118.789967906304256, 32.022530998470451 ], [ 118.789952965454987, 32.022602429361207 ], [ 118.789969075762841, 32.022655069985078 ], [ 118.790032723930537, 32.022712936058333 ], [ 118.790108482427584, 32.022701730119884 ], [ 118.790164952924641, 32.022666482604315 ], [ 118.790190749585548, 32.02262139870443 ], [ 118.790185933031935, 32.022561708054944 ], [ 118.790169603135013, 32.022525765083621 ], [ 118.790142731927787, 32.022439620570687 ], [ 118.790088455526018, 32.022307884575795 ], [ 118.790055952693351, 32.022224071343402 ], [ 118.790031598582814, 32.022159423311074 ] ] ] } },
{ "type": "Feature", "properties": { "OBJECTID": 2171, "type": null, "Time_": null, "Name": null, "Descriptio": null, "SHAPE_Leng": 500.05200591, "SHAPE_Area": 9141.9784029599996, "area_m2": 9141.6649315975337, "area_ha": 0.91 }, "geometry": { "type": "Polygon", "coordinates": [ [ [ 118.790113834822606, 32.021895087195496 ], [ 118.790140116225317, 32.021813028674273 ], [ 118.790144739813812, 32.021780864499945 ], [ 118.790132892541322, 32.021723492698634 ], [ 118.790116515766172, 32.021691128169977 ], [ 118.790075126508754, 32.021644210306484 ], [ 118.790021607880504, 32.021561390417354 ], [ 118.790022407515664, 32.021500560373987 ], [ 118.790023348268249, 32.02142899497985 ], [ 118.790057889036262, 32.021357751068763 ], [ 118.790142829758054, 32.021286987988205 ], [ 118.790329793999689, 32.021124152105614 ], [ 118.790351640651267, 32.021059944817125 ], [ 118.790373721340274, 32.020977845259623 ], [ 118.790362579349761, 32.020866800316064 ], [ 118.790316897091699, 32.020826998477432 ], [ 118.79022492024626, 32.020793913700253 ], [ 118.790161920835629, 32.020793312696071 ], [ 118.790094250859482, 32.020828453387878 ], [ 118.790018133301658, 32.020867092341746 ], [ 118.789932016878851, 32.021027312096919 ], [ 118.789791347000076, 32.021183431388849 ], [ 118.789740194293799, 32.021240201998829 ], [ 118.789672900220197, 32.021246717558533 ], [ 118.789592723035071, 32.02127458170704 ], [ 118.78953378240989, 32.021284754919748 ], [ 118.789386640449365, 32.021294086140678 ], [ 118.78926871099533, 32.021318010784007 ], [ 118.789108027766957, 32.021398786758688 ], [ 118.788895672986769, 32.021575693000401 ], [ 118.788865190277832, 32.021657711126586 ], [ 118.788826259857331, 32.021743227459758 ], [ 118.788817011762958, 32.021807555689733 ], [ 118.788790917534186, 32.021875301016834 ], [ 118.788789787463855, 32.021961179264153 ], [ 118.788840093655793, 32.021968816627584 ], [ 118.788895541774508, 32.021904930529651 ], [ 118.788908471167929, 32.021880002623895 ], [ 118.788946601220402, 32.021855316283244 ], [ 118.788976189443616, 32.021841284152273 ], [ 118.789014131154588, 32.021830910682617 ], [ 118.78904782550272, 32.021824074639632 ], [ 118.789081472768842, 32.021820817036165 ], [ 118.789148673145675, 32.021821458699606 ], [ 118.789220073812928, 32.021822140430501 ], [ 118.789325074674053, 32.021823142901816 ], [ 118.789413322496344, 32.021820407363521 ], [ 118.7895351234598, 32.021821570036117 ], [ 118.789564523365073, 32.021821850660558 ], [ 118.789631629654693, 32.021829648065093 ], [ 118.789681654602688, 32.021858754899299 ], [ 118.789727478232152, 32.021887821618044 ], [ 118.789798032121652, 32.021952911508492 ], [ 118.789872691268926, 32.022025197430473 ], [ 118.789931492275358, 32.022025758529338 ], [ 118.790003081277064, 32.022012126926306 ], [ 118.790066551887094, 32.021976945335041 ], [ 118.790100575449969, 32.021945062567774 ], [ 118.790113834822606, 32.021895087195496 ] ] ] } },
{ "type": "Feature", "properties": { "OBJECTID": 2172, "type": null, "Time_": null, "Name": null, "Descriptio": null, "SHAPE_Leng": 67.586592476000007, "SHAPE_Area": 314.86297398699998, "area_m2": 314.85217755883627, "area_ha": 0.03 }, "geometry": { "type": "Polygon", "coordinates": [ [ [ 118.790914375898012, 32.020750387058584 ], [ 118.790843023024053, 32.020746127850202 ], [ 118.790813623448486, 32.02074584753047 ], [ 118.790779929613194, 32.020752684056696 ], [ 118.790767000900772, 32.020777611272308 ], [ 118.790770684072641, 32.020817011583397 ], [ 118.790766154770026, 32.020842019790756 ], [ 118.790828590172723, 32.020885559207983 ], [ 118.790870449531397, 32.020896694120744 ], [ 118.790929248780571, 32.02089725472937 ], [ 118.791005131019745, 32.020876505675105 ], [ 118.790981481547959, 32.020758183733655 ], [ 118.790914375898012, 32.020750387058584 ] ] ] } },
{ "type": "Feature", "properties": { "OBJECTID": 2173, "type": null, "Time_": null, "Name": null, "Descriptio": null, "SHAPE_Leng": 1100.71886406, "SHAPE_Area": 21566.428656299999, "area_m2": 21565.689158931047, "area_ha": 2.16 }, "geometry": { "type": "Polygon", "coordinates": [ [ [ 118.790660621584308, 32.020561876414575 ], [ 118.790690162136656, 32.020551421414069 ], [ 118.790761467840383, 32.020559259156251 ], [ 118.790803233027034, 32.020577550991014 ], [ 118.790895303878145, 32.020603479347841 ], [ 118.790962456409474, 32.020607698480383 ], [ 118.79095381796192, 32.020320903768265 ], [ 118.790908553202854, 32.020302578618427 ], [ 118.790800759425821, 32.020247870961732 ], [ 118.790773033223616, 32.020226731026696 ], [ 118.790721435185944, 32.020157647495353 ], [ 118.790670149558039, 32.020064709392862 ], [ 118.7906242481628, 32.020041606205979 ], [ 118.790624812294951, 32.019998667491123 ], [ 118.790569752967372, 32.01992656892552 ], [ 118.790548355902132, 32.019850019507459 ], [ 118.790549421539168, 32.019768913346191 ], [ 118.79053368746996, 32.019687646064838 ], [ 118.790522926818127, 32.019654142176087 ], [ 118.790478880206848, 32.01959646329864 ], [ 118.790445843961322, 32.019553204118388 ], [ 118.79039078608956, 32.019481105490172 ], [ 118.790380275227861, 32.019428517406141 ], [ 118.790381152918499, 32.019361724149661 ], [ 118.790387756230885, 32.019285441769995 ], [ 118.790427896088019, 32.01921425112306 ], [ 118.790456647369808, 32.019157266543424 ], [ 118.790479674082405, 32.019109770192095 ], [ 118.790514025516302, 32.019052839007792 ], [ 118.790515592633895, 32.018933564484819 ], [ 118.790567621090801, 32.018809999330173 ], [ 118.790608450056354, 32.018686328251135 ], [ 118.79060372737554, 32.018619480674865 ], [ 118.790571444630302, 32.018518969905919 ], [ 118.790534188596965, 32.018370695727064 ], [ 118.790443003874842, 32.018064445484633 ], [ 118.790281528843181, 32.017566660813877 ], [ 118.790233086969394, 32.017417325827275 ], [ 118.790214984448596, 32.017388523740586 ], [ 118.790201545014881, 32.017388395539513 ], [ 118.790171212247571, 32.017395263085348 ], [ 118.790145486088406, 32.017435099738222 ], [ 118.790148488565762, 32.017462325865026 ], [ 118.790161043945204, 32.017529725191331 ], [ 118.790162104987559, 32.017583236682668 ], [ 118.790136577349799, 32.017608043661049 ], [ 118.790052673698014, 32.017600085409612 ], [ 118.789994111720262, 32.017581633988243 ], [ 118.789885244830415, 32.017555543849838 ], [ 118.789822388753706, 32.017544208276639 ], [ 118.789768167023922, 32.017515061465105 ], [ 118.789675911404942, 32.017503445266563 ], [ 118.789633819576011, 32.017510200460656 ], [ 118.789549257386398, 32.017552337497591 ], [ 118.789515423499665, 32.017569908170636 ], [ 118.789456767559116, 32.017558612505518 ], [ 118.789427603226386, 32.017540440523554 ], [ 118.789398675225044, 32.017504378091282 ], [ 118.789327607308167, 32.017478648284687 ], [ 118.789306466744918, 32.017489182272364 ], [ 118.7892263408784, 32.017513468743338 ], [ 118.789175142881675, 32.017573817650103 ], [ 118.789178166402522, 32.017663313617241 ], [ 118.789202941328384, 32.01769575754804 ], [ 118.789244375475633, 32.017739098120948 ], [ 118.789265045512934, 32.017764345952074 ], [ 118.78933625480893, 32.017779340443937 ], [ 118.789403075806831, 32.017808607707472 ], [ 118.78950868375496, 32.017763092751927 ], [ 118.789588715672252, 32.017745963010064 ], [ 118.789643360872603, 32.017742906539546 ], [ 118.789718958492941, 32.017743627996886 ], [ 118.789764827173059, 32.017769116218929 ], [ 118.789831319045845, 32.017823430619465 ], [ 118.789856048253881, 32.017859453792099 ], [ 118.78986355371849, 32.01792752001365 ], [ 118.789904470899486, 32.018010220644648 ], [ 118.789932317455694, 32.018128582851219 ], [ 118.789973516986478, 32.018189813651958 ], [ 118.789997916076487, 32.018250883246452 ], [ 118.790068420428668, 32.018319551411146 ], [ 118.790118160431888, 32.018370126943566 ], [ 118.790168182638439, 32.018399233548955 ], [ 118.790238311045002, 32.018496527436049 ], [ 118.790249734826787, 32.018586103511979 ], [ 118.790237244533287, 32.018897329768556 ], [ 118.790215257282952, 32.018972272424435 ], [ 118.790172693480983, 32.019014810483448 ], [ 118.790088507419185, 32.019028322043582 ], [ 118.790063684810434, 32.018999455825863 ], [ 118.790001532179005, 32.018934446242518 ], [ 118.789927204602236, 32.01883711306445 ], [ 118.789881898758296, 32.018768685268078 ], [ 118.789835700283021, 32.018768244435236 ], [ 118.789785160525852, 32.018778498858453 ], [ 118.789738491621108, 32.018813839797083 ], [ 118.78969602176393, 32.018849221692925 ], [ 118.789640764290596, 32.018898795327566 ], [ 118.789627506207552, 32.018948770687871 ], [ 118.789618400171818, 32.019002363671994 ], [ 118.789638364863322, 32.019081285505095 ], [ 118.789649929251823, 32.019160127163545 ], [ 118.789674000084275, 32.019246245076474 ], [ 118.789702270076432, 32.019332403059032 ], [ 118.789734316894567, 32.019450805372713 ], [ 118.790067328770533, 32.020320024382968 ], [ 118.790058412020016, 32.02035930449923 ], [ 118.790036565348359, 32.020423511743182 ], [ 118.79005294188444, 32.020455876282256 ], [ 118.790094283580956, 32.020506372598909 ], [ 118.790135765365889, 32.020546133540634 ], [ 118.7901938129733, 32.020603946100216 ], [ 118.790235201842705, 32.020650863922555 ], [ 118.790310283531738, 32.020690946231433 ], [ 118.790411270988486, 32.020677594804162 ], [ 118.790466106002668, 32.020660224218247 ], [ 118.790525282278381, 32.020632159214742 ], [ 118.790584410455708, 32.020607671722161 ], [ 118.790660621584308, 32.020561876414575 ] ] ] } },
{ "type": "Feature", "properties": { "OBJECTID": 2174, "type": null, "Time_": null, "Name": null, "Descriptio": null, "SHAPE_Leng": 353.67920566800001, "SHAPE_Area": 4132.0787585600001, "area_m2": 4131.937072585537, "area_ha": 0.41 }, "geometry": { "type": "Polygon", "coordinates": [ [ [ 118.789692474175681, 32.019879430363034 ], [ 118.789627660650154, 32.019750575554866 ], [ 118.789610787705001, 32.019702698560643 ], [ 118.789533867887755, 32.019696000463917 ], [ 118.789509054668329, 32.019719621149264 ], [ 118.78943815376627, 32.0197875358906 ], [ 118.789382115118286, 32.019789982919136 ], [ 118.789301772999266, 32.019777287179011 ], [ 118.78920078504683, 32.019737553881662 ], [ 118.789176363945131, 32.019731356788483 ], [ 118.789130786061122, 32.019736885547218 ], [ 118.789098972394257, 32.019760440211293 ], [ 118.789095041288988, 32.019793206997733 ], [ 118.789098070217392, 32.019829023107555 ], [ 118.789108021036569, 32.019870869239497 ], [ 118.78912855029084, 32.019906851542949 ], [ 118.789142039991205, 32.019945749496529 ], [ 118.789183528948911, 32.019984914779435 ], [ 118.789270440145344, 32.020030478535062 ], [ 118.789322625284996, 32.020054834260229 ], [ 118.789378154292834, 32.020091150647694 ], [ 118.789374340907756, 32.020114972670811 ], [ 118.789362978143629, 32.020180472842199 ], [ 118.78941870330074, 32.020201881259467 ], [ 118.789463810843287, 32.020232134197968 ], [ 118.789480839603883, 32.020268083031652 ], [ 118.789504555034696, 32.020327954114855 ], [ 118.789507270436715, 32.020387624746121 ], [ 118.789524221870266, 32.020429537667596 ], [ 118.789578966959468, 32.020525492100482 ], [ 118.789616760655832, 32.020579532701831 ], [ 118.78966800520044, 32.02067545368633 ], [ 118.789733564307625, 32.02074765283627 ], [ 118.789799868393473, 32.02076319631621 ], [ 118.789831406754075, 32.0207605153158 ], [ 118.789863142185922, 32.020742924559194 ], [ 118.789887955601543, 32.020719303812825 ], [ 118.789916230535525, 32.020698698056322 ], [ 118.789930583069662, 32.020671994615995 ], [ 118.78994859205531, 32.020633397300308 ], [ 118.789977023738032, 32.020600864262498 ], [ 118.789981032974296, 32.0205621333618 ], [ 118.789957473966055, 32.020490335094124 ], [ 118.789859592586822, 32.020480454309109 ], [ 118.789737132017748, 32.02047630371456 ], [ 118.789688642227446, 32.020437071794802 ], [ 118.789689191121042, 32.020395325914222 ], [ 118.789700122430972, 32.020362625015565 ], [ 118.789728474638835, 32.020336056105926 ], [ 118.789753366388865, 32.020306471298703 ], [ 118.78978171963405, 32.020279901484606 ], [ 118.789803149840409, 32.020247301668043 ], [ 118.789828356223467, 32.020193861419791 ], [ 118.78985741396653, 32.020113618425036 ], [ 118.789857805975586, 32.020083799806734 ], [ 118.789833815960449, 32.020044801725938 ], [ 118.789792286423364, 32.020008619131538 ], [ 118.789730032456177, 32.019951362281965 ], [ 118.789692474175681, 32.019879430363034 ] ] ] } },
{ "type": "Feature", "properties": { "OBJECTID": 2175, "type": null, "Time_": null, "Name": null, "Descriptio": null, "SHAPE_Leng": 439.48492962699999, "SHAPE_Area": 5050.7304357700004, "area_m2": 5050.5572500580538, "area_ha": 0.51 }, "geometry": { "type": "Polygon", "coordinates": [ [ [ 118.788006876262884, 32.020502921861471 ], [ 118.787914885987874, 32.020471027359697 ], [ 118.787856494388464, 32.020439453939701 ], [ 118.787792534997095, 32.020405442242122 ], [ 118.787734112064442, 32.020376254399274 ], [ 118.787656655800845, 32.020303939603387 ], [ 118.787629252358883, 32.020258348527527 ], [ 118.787610500736108, 32.020193752701914 ], [ 118.78761106627725, 32.020150814035972 ], [ 118.787614369125933, 32.020112672501178 ], [ 118.787637366123505, 32.020067562346611 ], [ 118.787671688247855, 32.020013017624478 ], [ 118.78771167343487, 32.019953755162497 ], [ 118.787793594544382, 32.019899665407742 ], [ 118.787852739681753, 32.019873987288229 ], [ 118.787912009379539, 32.019838766601737 ], [ 118.787960174853168, 32.019796282865428 ], [ 118.787986002079435, 32.019748813758625 ], [ 118.787989241920016, 32.019715444373531 ], [ 118.787981532540158, 32.01966288288645 ], [ 118.787959510566111, 32.019634043032674 ], [ 118.787875920478641, 32.01960222879422 ], [ 118.787766690605963, 32.019603570668572 ], [ 118.787721796510979, 32.019610298422769 ], [ 118.787653969436377, 32.019657365976954 ], [ 118.787619804530181, 32.019699983442408 ], [ 118.787562894005745, 32.019768627795152 ], [ 118.787517372453578, 32.019823065415331 ], [ 118.787477010138204, 32.019910953592664 ], [ 118.78743979353105, 32.019972628382703 ], [ 118.787369071639418, 32.020026824991469 ], [ 118.78732383267257, 32.020059793653751 ], [ 118.787259433763651, 32.020059177832216 ], [ 118.787192329015156, 32.020051378305098 ], [ 118.787139412474843, 32.020029400648305 ], [ 118.787069601917537, 32.020014418284703 ], [ 118.7870222846514, 32.01999249323125 ], [ 118.786994662641405, 32.019963599651746 ], [ 118.786955400015628, 32.019967995965033 ], [ 118.786910443873012, 32.019979494698276 ], [ 118.786882193147207, 32.019998311013225 ], [ 118.78686768947145, 32.020036344477397 ], [ 118.786852558067494, 32.020122087865964 ], [ 118.78686574030182, 32.020184244587867 ], [ 118.786879206558652, 32.020224931540611 ], [ 118.78692932299009, 32.020246883423418 ], [ 118.787018355364751, 32.020290679098807 ], [ 118.787071209152401, 32.020317428070527 ], [ 118.787121231392234, 32.020346535871511 ], [ 118.7871847200704, 32.02041633147816 ], [ 118.787212216558018, 32.020454766642438 ], [ 118.787256419675288, 32.020500519362272 ], [ 118.787317515915191, 32.020539275812808 ], [ 118.787415546275327, 32.020537828158268 ], [ 118.78746320958156, 32.020533512028074 ], [ 118.787519365480065, 32.020522120182875 ], [ 118.787587037233905, 32.020486979990714 ], [ 118.787662887339351, 32.020468618567044 ], [ 118.787699287165751, 32.020468966534928 ], [ 118.787783129276477, 32.020481697652656 ], [ 118.787841740771469, 32.020496572585344 ], [ 118.787903088563397, 32.020516244606803 ], [ 118.788128976276695, 32.020587591834229 ], [ 118.788006876262884, 32.020502921861471 ] ] ] } },
{ "type": "Feature", "properties": { "OBJECTID": 2176, "type": null, "Time_": null, "Name": null, "Descriptio": null, "SHAPE_Leng": 285.874698061, "SHAPE_Area": 3518.55348908, "area_m2": 3518.4328403169361, "area_ha": 0.35 }, "geometry": { "type": "Polygon", "coordinates": [ [ [ 118.788169218240981, 32.018134861653486 ], [ 118.788102095948474, 32.01812849437848 ], [ 118.788059487883089, 32.018131905066227 ], [ 118.788043481470041, 32.018156563643096 ], [ 118.788015572274006, 32.018234551202333 ], [ 118.788019298025219, 32.018291845591527 ], [ 118.788031807964842, 32.018362584609804 ], [ 118.7880735880982, 32.018422151584332 ], [ 118.78816897588527, 32.018493682557754 ], [ 118.788211131936137, 32.018524622786778 ], [ 118.788228348708927, 32.018578229125268 ], [ 118.788235776427072, 32.018694726588414 ], [ 118.788234897202727, 32.018761519798886 ], [ 118.788247382235753, 32.018834167482915 ], [ 118.788260269217773, 32.018876280688893 ], [ 118.788306705094755, 32.018922531389556 ], [ 118.788377930741916, 32.018957567157869 ], [ 118.788478276058555, 32.018992881072556 ], [ 118.788545273442907, 32.019008789793993 ], [ 118.788598782010254, 32.019028387487445 ], [ 118.78869019247621, 32.019061706962496 ], [ 118.788735844782451, 32.018997250311301 ], [ 118.788716815300262, 32.018911179480362 ], [ 118.788679490001911, 32.018853564189669 ], [ 118.788610754670174, 32.018799466716906 ], [ 118.788564067564309, 32.018772299385908 ], [ 118.788513152107299, 32.018726005985435 ], [ 118.788503056784066, 32.018641930296702 ], [ 118.788503659559467, 32.018596128125075 ], [ 118.788522232712438, 32.018546681569177 ], [ 118.788556509775574, 32.018495476093747 ], [ 118.788599947784093, 32.018429088502828 ], [ 118.788596396392819, 32.018358436009144 ], [ 118.788570019536294, 32.018320010926956 ], [ 118.788516864040247, 32.018273696131118 ], [ 118.788479137265782, 32.018246615267429 ], [ 118.78838110732319, 32.018205597603355 ], [ 118.788285317757442, 32.018164600368387 ], [ 118.788169218240981, 32.018134861653486 ] ] ] } },
{ "type": "Feature", "properties": { "OBJECTID": 2177, "type": null, "Time_": null, "Name": null, "Descriptio": null, "SHAPE_Leng": 165.41499973500001, "SHAPE_Area": 1170.4395824600001, "area_m2": 1170.3994487669981, "area_ha": 0.12 }, "geometry": { "type": "Polygon", "coordinates": [ [ [ 118.788100790937776, 32.015377191277608 ], [ 118.788067255908459, 32.01537209986396 ], [ 118.788002860260448, 32.015371484499937 ], [ 118.787935539005005, 32.015380383977977 ], [ 118.787865197894618, 32.015405955193998 ], [ 118.787783562528759, 32.015438576222145 ], [ 118.787752356357089, 32.015469293286841 ], [ 118.787720930289552, 32.015516708876575 ], [ 118.787706365958513, 32.015559513765972 ], [ 118.787685981728302, 32.015618963656856 ], [ 118.787685510561943, 32.015654745454285 ], [ 118.787701555655204, 32.015712157627952 ], [ 118.787712094981089, 32.015762360272674 ], [ 118.787733551660935, 32.015834138869501 ], [ 118.787758592574491, 32.015846306985935 ], [ 118.78779791621524, 32.015837140011634 ], [ 118.787829279538883, 32.015794495674022 ], [ 118.787851961212667, 32.015773239953944 ], [ 118.787886155902854, 32.015728236728059 ], [ 118.787898359852491, 32.015652008891372 ], [ 118.787921858017128, 32.015568730287349 ], [ 118.78799251326889, 32.015519304508523 ], [ 118.788043067101881, 32.015507857938715 ], [ 118.788101863906263, 32.015508419784176 ], [ 118.788219770432747, 32.015485688846418 ], [ 118.788187020327427, 32.015420959318149 ], [ 118.788100790937776, 32.015377191277608 ] ] ] } },
{ "type": "Feature", "properties": { "OBJECTID": 2178, "type": null, "Time_": null, "Name": null, "Descriptio": null, "SHAPE_Leng": 510.08590000200002, "SHAPE_Area": 10556.2741136, "area_m2": 10555.912148963689, "area_ha": 1.06 }, "geometry": { "type": "Polygon", "coordinates": [ [ [ 118.787121604371677, 32.026319543984805 ], [ 118.786987826008712, 32.026270548441651 ], [ 118.786870533153916, 32.026245568870316 ], [ 118.78674707577089, 32.026263473335341 ], [ 118.786707873341228, 32.026263098244137 ], [ 118.78665218453088, 32.02623870789747 ], [ 118.786630097511562, 32.026214639060655 ], [ 118.78663085235199, 32.026157387581236 ], [ 118.786631544295091, 32.026104906456922 ], [ 118.786604298067431, 32.02604738703748 ], [ 118.786542380770669, 32.02607065202811 ], [ 118.786480336555243, 32.026103459491452 ], [ 118.786339511103776, 32.026164142274915 ], [ 118.786189750768742, 32.026477632550204 ], [ 118.786166153553225, 32.02656806566695 ], [ 118.786090705943707, 32.026767749747165 ], [ 118.786067045609272, 32.026862954092849 ], [ 118.786038289062091, 32.026919938385056 ], [ 118.785975740582614, 32.026990912917313 ], [ 118.785924708104957, 32.027038140190946 ], [ 118.785828873180506, 32.027084937553141 ], [ 118.785833340820915, 32.027170869263877 ], [ 118.78583252251542, 32.027232891070504 ], [ 118.785792753141735, 32.02727545427549 ], [ 118.78573593084046, 32.027336940697197 ], [ 118.785734986550594, 32.027408505009291 ], [ 118.785756381129147, 32.027485055095191 ], [ 118.785771923205857, 32.027580635662822 ], [ 118.785792435489739, 32.027723978787598 ], [ 118.785943458083381, 32.027739739511205 ], [ 118.78605685004537, 32.027635850575365 ], [ 118.786102031387543, 32.027607653771639 ], [ 118.786142051444074, 32.02754600634232 ], [ 118.786193840311739, 32.027441527540624 ], [ 118.786354426183763, 32.027156771190064 ], [ 118.786485310036582, 32.027000561522904 ], [ 118.78661487346379, 32.026944542694956 ], [ 118.786761110877961, 32.026898226985139 ], [ 118.786862294287872, 32.026870564806309 ], [ 118.786941202777086, 32.026833147540984 ], [ 118.786975056320514, 32.026814384861318 ], [ 118.787025836604101, 32.026786241274962 ], [ 118.787066045380243, 32.026710280661362 ], [ 118.787112419605791, 32.02659143588069 ], [ 118.787130855402339, 32.026467551092573 ], [ 118.787131798572474, 32.026395986732801 ], [ 118.787121604371677, 32.026319543984805 ] ] ] } },
{ "type": "Feature", "properties": { "OBJECTID": 2179, "type": null, "Time_": null, "Name": null, "Descriptio": null, "SHAPE_Leng": 164.65513802699999, "SHAPE_Area": 1856.3798800500001, "area_m2": 1856.3162266800825, "area_ha": 0.19 }, "geometry": { "type": "Polygon", "coordinates": [ [ [ 118.787262669977991, 32.028153175173323 ], [ 118.787223656426534, 32.028138487363378 ], [ 118.787159187924829, 32.028142642599406 ], [ 118.787114164889701, 32.028158912549465 ], [ 118.787079839238174, 32.028213456969375 ], [ 118.787013296413818, 32.028375053679248 ], [ 118.786978624720916, 32.02845583817178 ], [ 118.786963868062287, 32.028512955687923 ], [ 118.786974377824308, 32.028565543959019 ], [ 118.786996024184774, 32.028623009721699 ], [ 118.787046051884474, 32.028652117635474 ], [ 118.78711023670246, 32.028669432207082 ], [ 118.787312104192907, 32.028652276465884 ], [ 118.787388433711243, 32.028598133686394 ], [ 118.787434274200024, 32.028519840912232 ], [ 118.78743518577366, 32.028450662195979 ], [ 118.787416369941155, 32.02839083764254 ], [ 118.787350013580863, 32.028325786583892 ], [ 118.78733352666714, 32.028301771423379 ], [ 118.787303321824027, 32.028256152605536 ], [ 118.787281517105683, 32.028210614119715 ], [ 118.787262669977991, 32.028153175173323 ] ] ] } },
{ "type": "Feature", "properties": { "OBJECTID": 2180, "type": null, "Time_": null, "Name": null, "Descriptio": null, "SHAPE_Leng": 343.080245332, "SHAPE_Area": 5722.3182207299997, "area_m2": 5722.1220080825524, "area_ha": 0.57 }, "geometry": { "type": "Polygon", "coordinates": [ [ [ 118.788194369228279, 32.027370002724247 ], [ 118.788102497766744, 32.027328565704451 ], [ 118.787948236220444, 32.027346177809058 ], [ 118.7878696733016, 32.02735735557917 ], [ 118.787768143968719, 32.027411258671378 ], [ 118.787728155426365, 32.02747052010271 ], [ 118.787713086206651, 32.02755149312884 ], [ 118.787717398504412, 32.027649351152498 ], [ 118.787738793734576, 32.027725900932744 ], [ 118.787804364375219, 32.027850588908628 ], [ 118.787840170095649, 32.027896261153572 ], [ 118.787971246221687, 32.027938072209565 ], [ 118.788054529653579, 32.027993741019266 ], [ 118.788118368656569, 32.028037295193442 ], [ 118.788257845192021, 32.028079187144399 ], [ 118.788307589270417, 32.028129763415883 ], [ 118.788339998176156, 32.028220733018536 ], [ 118.788364226902615, 32.028294923842836 ], [ 118.788396604506971, 32.028388279060806 ], [ 118.788468468241092, 32.028460539090553 ], [ 118.788533281325471, 32.02843014306255 ], [ 118.788543158526508, 32.028318105957531 ], [ 118.788485672600785, 32.028217353090383 ], [ 118.788455592826736, 32.028162192916916 ], [ 118.788444830992276, 32.02812868887974 ], [ 118.78847623086979, 32.028083658939032 ], [ 118.788566653234227, 32.028022493190754 ], [ 118.78862039113254, 32.027982447581465 ], [ 118.788620924969123, 32.0279418945819 ], [ 118.788621835630394, 32.027872715828991 ], [ 118.788608682682309, 32.027808173677585 ], [ 118.788587442660543, 32.027719696769708 ], [ 118.788496481402845, 32.027609082173086 ], [ 118.788435818703078, 32.027536928281869 ], [ 118.78831094148741, 32.027449846984808 ], [ 118.788194369228279, 32.027370002724247 ] ] ] } },
{ "type": "Feature", "properties": { "OBJECTID": 2181, "type": null, "Time_": null, "Name": null, "Descriptio": null, "SHAPE_Leng": 1046.16714114, "SHAPE_Area": 7155.2434211700001, "area_m2": 7154.9980743111382, "area_ha": 0.72 }, "geometry": { "type": "Polygon", "coordinates": [ [ [ 118.789291501730631, 32.025601640991368 ], [ 118.78919746794368, 32.025564956891252 ], [ 118.789143788938361, 32.02565391132012 ], [ 118.789086726613334, 32.025733886625837 ], [ 118.789037331984417, 32.025763237258538 ], [ 118.788900196880761, 32.025809642581955 ], [ 118.788664193508765, 32.02592071371474 ], [ 118.788442072359771, 32.026040862922201 ], [ 118.788218851260154, 32.026244504265122 ], [ 118.787816255065422, 32.026512039148201 ], [ 118.787424275167425, 32.026770727441566 ], [ 118.787146069127928, 32.026896302797645 ], [ 118.78678350234901, 32.027047909866077 ], [ 118.786603457876765, 32.02716249440472 ], [ 118.786504036375447, 32.027268903482003 ], [ 118.786201639156587, 32.027635805625394 ], [ 118.786033941475253, 32.027875760648222 ], [ 118.785851651925242, 32.028160308711264 ], [ 118.785743535586761, 32.028394869879527 ], [ 118.785594044497287, 32.02858131882352 ], [ 118.785424575216553, 32.028690038055615 ], [ 118.785451594217534, 32.02876485215657 ], [ 118.78556419308444, 32.028721197640103 ], [ 118.785676950312634, 32.028665614896866 ], [ 118.785701766980424, 32.028641995077507 ], [ 118.78573720263212, 32.02860953016318 ], [ 118.785779952960027, 32.028553276901405 ], [ 118.785854797257386, 32.028452597935527 ], [ 118.785919336117743, 32.028336908647454 ], [ 118.786048060354418, 32.028132367821435 ], [ 118.786176704292416, 32.027933790001256 ], [ 118.78644374629603, 32.027593389034152 ], [ 118.786567905709745, 32.027469324083462 ], [ 118.786727618595009, 32.027303847235522 ], [ 118.786868925138833, 32.027206785489135 ], [ 118.786988954683423, 32.027130395571731 ], [ 118.787144418568417, 32.027021540192074 ], [ 118.787461638891244, 32.026857569722374 ], [ 118.787704724427627, 32.026740604688278 ], [ 118.78798666584909, 32.026597170215297 ], [ 118.788163246910131, 32.02647956859883 ], [ 118.788322757851262, 32.026328999330026 ], [ 118.788400587055023, 32.026267116392077 ], [ 118.788468072495775, 32.026193204925669 ], [ 118.788549715375709, 32.026107500828921 ], [ 118.788641465231322, 32.026051714652411 ], [ 118.788729519927898, 32.026010804724741 ], [ 118.788884509001292, 32.025937728850273 ], [ 118.788958483422732, 32.025902649104687 ], [ 118.78905377298652, 32.025843914464367 ], [ 118.789106747048294, 32.02580863318039 ], [ 118.789142219634783, 32.025773185656043 ], [ 118.789209389208622, 32.025723129164383 ], [ 118.78925897991293, 32.025678868719126 ], [ 118.789291501730631, 32.025601640991368 ] ] ] } },
{ "type": "Feature", "properties": { "OBJECTID": 2182, "type": null, "Time_": null, "Name": null, "Descriptio": null, "SHAPE_Leng": 1814.1489068400001, "SHAPE_Area": 11403.6120415, "area_m2": 11403.221021095756, "area_ha": 1.14 }, "geometry": { "type": "Polygon", "coordinates": [ [ [ 118.788467440965064, 32.023480014206193 ], [ 118.788740705161658, 32.023143843126732 ], [ 118.788764110527623, 32.023067721386013 ], [ 118.788764612804655, 32.023029553984529 ], [ 118.788748377565, 32.022986454850965 ], [ 118.788675764262265, 32.022971446570416 ], [ 118.78861875822092, 32.02304724732506 ], [ 118.788300190764687, 32.023421157465066 ], [ 118.787872560686651, 32.023145091644757 ], [ 118.787039899699437, 32.022578855432094 ], [ 118.786517454184178, 32.0222732488118 ], [ 118.785879802899331, 32.021785216319671 ], [ 118.785268962766096, 32.021388098366195 ], [ 118.784557579396989, 32.020970927382031 ], [ 118.784303004973026, 32.020739451395229 ], [ 118.784161304244535, 32.020866925064468 ], [ 118.784261772753965, 32.020892939628396 ], [ 118.784515066911197, 32.021062371937155 ], [ 118.784928337750387, 32.021310875796608 ], [ 118.785299650675711, 32.021555993579057 ], [ 118.78585139389908, 32.021922127233964 ], [ 118.786600873876054, 32.022424351664149 ], [ 118.787353745051561, 32.022935550064638 ], [ 118.788228185012926, 32.023519480147947 ], [ 118.788766146770385, 32.023870558044216 ], [ 118.789273592971099, 32.024146786958369 ], [ 118.789792521924014, 32.024348568064532 ], [ 118.789879359078, 32.024400094659086 ], [ 118.789917546523839, 32.024424316583378 ], [ 118.789934420412777, 32.024472193527046 ], [ 118.789926518004449, 32.024540709589296 ], [ 118.789851839295622, 32.024629463958568 ], [ 118.789280834042628, 32.025459038834718 ], [ 118.789437635029984, 32.025514215678605 ], [ 118.78988433141005, 32.024820636816365 ], [ 118.7901539869315, 32.0245458619817 ], [ 118.79026292294634, 32.024514096961965 ], [ 118.790285764994977, 32.024374149955534 ], [ 118.789745938417795, 32.024217501400848 ], [ 118.789194469734781, 32.023987973914529 ], [ 118.788593731817159, 32.023672083489437 ], [ 118.7884661221171, 32.023580205306928 ], [ 118.788467440965064, 32.023480014206193 ] ] ] } },
{ "type": "Feature", "properties": { "OBJECTID": 2183, "type": null, "Time_": null, "Name": null, "Descriptio": null, "SHAPE_Leng": 647.24274771900002, "SHAPE_Area": 3348.17722211, "area_m2": 3348.0624157787506, "area_ha": 0.33 }, "geometry": { "type": "Polygon", "coordinates": [ [ [ 118.781568355843106, 32.019373389965615 ], [ 118.781318445135483, 32.01921352720872 ], [ 118.781236394658791, 32.01927715431097 ], [ 118.781419705864707, 32.019391048240962 ], [ 118.781867276308446, 32.019638697613338 ], [ 118.782476237321646, 32.019964241134403 ], [ 118.783121822100526, 32.020273431696516 ], [ 118.783675485547917, 32.020545951166206 ], [ 118.784042278270363, 32.020761803815084 ], [ 118.784124958441026, 32.020650464131045 ], [ 118.78398565263916, 32.020596641570229 ], [ 118.783679893283093, 32.020424318202309 ], [ 118.783331882872019, 32.02027067620854 ], [ 118.782889684780159, 32.020039783194704 ], [ 118.782385889388536, 32.019808297266657 ], [ 118.782096714437301, 32.01965283088439 ], [ 118.781832455279641, 32.019519074753823 ], [ 118.781568355843106, 32.019373389965615 ] ] ] } },
{ "type": "Feature", "properties": { "OBJECTID": 2184, "type": null, "Time_": null, "Name": null, "Descriptio": null, "SHAPE_Leng": 1394.9629329300001, "SHAPE_Area": 8754.1960408699997, "area_m2": 8753.8958655751085, "area_ha": 0.88 }, "geometry": { "type": "Polygon", "coordinates": [ [ [ 118.778728508994163, 32.014914042661594 ], [ 118.778288846820359, 32.014811394487502 ], [ 118.777847997167143, 32.014798200332351 ], [ 118.777560662259759, 32.014822271539622 ], [ 118.777170724260515, 32.014928855014666 ], [ 118.777211533616779, 32.015018715436874 ], [ 118.777334697670383, 32.014969204982847 ], [ 118.777454165251854, 32.014934569485249 ], [ 118.777696122412465, 32.014901115322189 ], [ 118.777853651311347, 32.014899650538432 ], [ 118.777944802297114, 32.014888600106595 ], [ 118.778070912251337, 32.014880868387628 ], [ 118.778130407900562, 32.014881441584258 ], [ 118.778224782345987, 32.014891297542974 ], [ 118.778284238441245, 32.014894852248581 ], [ 118.778381994718018, 32.014913687455262 ], [ 118.778678088687172, 32.015020917698202 ], [ 118.778956131455288, 32.015169723647901 ], [ 118.779263695458994, 32.015467925692434 ], [ 118.779538143448605, 32.015888079608089 ], [ 118.779635271524967, 32.01648247791487 ], [ 118.779745530330572, 32.017142611924456 ], [ 118.779990129590402, 32.017702642487677 ], [ 118.780267612729276, 32.018158610275172 ], [ 118.780624924803178, 32.018666042897273 ], [ 118.78094225520725, 32.019020997553135 ], [ 118.781149723092426, 32.019213854347122 ], [ 118.781227985067304, 32.019119174703839 ], [ 118.780899837481655, 32.0187879751618 ], [ 118.780782696112823, 32.018646684230333 ], [ 118.780535365228758, 32.018292403193051 ], [ 118.780407963381506, 32.018133119688279 ], [ 118.780202791038406, 32.017767314680604 ], [ 118.780099533741932, 32.017635103456769 ], [ 118.779977450844825, 32.017338687825031 ], [ 118.779912693330331, 32.017206846808357 ], [ 118.779842713262184, 32.016940755505694 ], [ 118.779819676844369, 32.016830190461135 ], [ 118.779814100577255, 32.01672277716299 ], [ 118.779787423508353, 32.016358687761674 ], [ 118.779763021958644, 32.016087070079706 ], [ 118.779678095550565, 32.015892408264513 ], [ 118.779614089356372, 32.01570391162246 ], [ 118.779486257740359, 32.015577427363148 ], [ 118.779276646149299, 32.015283151546043 ], [ 118.779030891548757, 32.015075012472721 ], [ 118.778728508994163, 32.014914042661594 ] ] ] } },
{ "type": "Feature", "properties": { "OBJECTID": 2201, "type": null, "Time_": null, "Name": null, "Descriptio": null, "SHAPE_Leng": 386.56816805400001, "SHAPE_Area": 4865.4987265999998, "area_m2": 4865.3318910110793, "area_ha": 0.49 }, "geometry": { "type": "Polygon", "coordinates": [ [ [ 118.788629271970663, 32.011705512615741 ], [ 118.788486957153637, 32.011668366099592 ], [ 118.78841976420297, 32.011667724266481 ], [ 118.788368992823834, 32.011695868691945 ], [ 118.788326149150265, 32.011759876058555 ], [ 118.788317091347537, 32.011809891466044 ], [ 118.78831605546587, 32.011888612026759 ], [ 118.788356732255437, 32.011989204488351 ], [ 118.788389669687518, 32.012039620167343 ], [ 118.788472438182779, 32.01213345686687 ], [ 118.788589273232603, 32.012191831664914 ], [ 118.788697897018096, 32.012235813227036 ], [ 118.788789347070662, 32.012308260118523 ], [ 118.78883870667417, 32.012387462829771 ], [ 118.788837671203339, 32.012466184300116 ], [ 118.788803227213251, 32.012530271128348 ], [ 118.788743868507581, 32.012572648400059 ], [ 118.788684979412068, 32.012579243804481 ], [ 118.788592399350065, 32.012592674302603 ], [ 118.788508313162268, 32.01259902805932 ], [ 118.788390065124005, 32.012648000453929 ], [ 118.788363454399899, 32.012755107011941 ], [ 118.78844678743053, 32.012806004092717 ], [ 118.788522380964423, 32.012806726164264 ], [ 118.788589668896691, 32.012800211958925 ], [ 118.788666015612492, 32.012743682301377 ], [ 118.788775582529837, 32.012716099263145 ], [ 118.788935449485663, 32.012696153330857 ], [ 118.789003773711869, 32.012610917441243 ], [ 118.789037841135624, 32.012575455481837 ], [ 118.789088895149987, 32.012525841879516 ], [ 118.789107105241442, 32.012418654950856 ], [ 118.789108705150696, 32.012296994729084 ], [ 118.789093036147662, 32.012210956867371 ], [ 118.789052075045419, 32.012131834435671 ], [ 118.788894937738789, 32.011944242830516 ], [ 118.78871185108693, 32.011813662065684 ], [ 118.788629271970663, 32.011705512615741 ] ] ] } },
{ "type": "Feature", "properties": { "OBJECTID": 2202, "type": null, "Time_": null, "Name": null, "Descriptio": null, "SHAPE_Leng": 101.575859236, "SHAPE_Area": 625.31690483700004, "area_m2": 625.2954630054486, "area_ha": 0.06 }, "geometry": { "type": "Polygon", "coordinates": [ [ [ 118.78753209417691, 32.011458835890863 ], [ 118.787515767150921, 32.011422892589948 ], [ 118.787406484161679, 32.011429005663615 ], [ 118.787313623427011, 32.011463904174008 ], [ 118.787254263693427, 32.011506281647009 ], [ 118.787245016844821, 32.011570608970736 ], [ 118.787260684024361, 32.011656647024189 ], [ 118.787352225533027, 32.011721938904145 ], [ 118.787427912380622, 32.01171550560364 ], [ 118.787486989462906, 32.011694597863588 ], [ 118.787495670762425, 32.011673208339872 ], [ 118.787471039362259, 32.011630028743312 ], [ 118.78746358209078, 32.011558383907698 ], [ 118.7874894395745, 32.011508530068092 ], [ 118.78753209417691, 32.011458835890863 ] ] ] } },
{ "type": "Feature", "properties": { "OBJECTID": 2203, "type": null, "Time_": null, "Name": null, "Descriptio": null, "SHAPE_Leng": 81.387039596700006, "SHAPE_Area": 458.35615637400002, "area_m2": 458.34043958306319, "area_ha": 0.05 }, "geometry": { "type": "Polygon", "coordinates": [ [ [ 118.78907129773863, 32.011308920640452 ], [ 118.788979377839794, 32.011272255799362 ], [ 118.788886422621133, 32.011314313280927 ], [ 118.788869153817544, 32.011349934717828 ], [ 118.788868400801817, 32.01140718637852 ], [ 118.788960132546435, 32.011458164217025 ], [ 118.789051958512985, 32.011501985082489 ], [ 118.789093953512094, 32.011502386016197 ], [ 118.789136043682745, 32.011495630037125 ], [ 118.789153406524605, 32.011452851653743 ], [ 118.789137267060141, 32.011402596531141 ], [ 118.78907129773863, 32.011308920640452 ] ] ] } },
{ "type": "Feature", "properties": { "OBJECTID": 2204, "type": null, "Time_": null, "Name": null, "Descriptio": null, "SHAPE_Leng": 63.234259125800001, "SHAPE_Area": 280.682739685, "area_m2": 280.67311515902162, "area_ha": 0.03 }, "geometry": { "type": "Polygon", "coordinates": [ [ [ 118.788864235510204, 32.011021364410432 ], [ 118.788789161154185, 32.010981282285876 ], [ 118.788726027288291, 32.010991415193502 ], [ 118.788679456173298, 32.01101959986493 ], [ 118.7886455304224, 32.011044327286662 ], [ 118.788640765765464, 32.011087225920534 ], [ 118.788640483340359, 32.011108694841639 ], [ 118.788686630879525, 32.011112714470066 ], [ 118.788766093363293, 32.011138523847158 ], [ 118.788854612264501, 32.011114318608108 ], [ 118.788876269086572, 32.011064423455956 ], [ 118.788864235510204, 32.011021364410432 ] ] ] } },
{ "type": "Feature", "properties": { "OBJECTID": 2205, "type": null, "Time_": null, "Name": null, "Descriptio": null, "SHAPE_Leng": 147.13646775000001, "SHAPE_Area": 941.67517970899996, "area_m2": 941.64289008094306, "area_ha": 0.09 }, "geometry": { "type": "Polygon", "coordinates": [ [ [ 118.786401606885846, 32.010808155380033 ], [ 118.786356497140659, 32.010725414409116 ], [ 118.786238627794162, 32.01074575813562 ], [ 118.786200360238524, 32.010781179152517 ], [ 118.786170208160499, 32.010838149432907 ], [ 118.786173794766015, 32.010884706781638 ], [ 118.786189649512224, 32.010956432047159 ], [ 118.786467010112574, 32.011263273802037 ], [ 118.786513629160851, 32.011231511512705 ], [ 118.786531511845226, 32.011149373256799 ], [ 118.786460638244421, 32.01110932995698 ], [ 118.786423786419675, 32.011037403825235 ], [ 118.78641623568744, 32.010972914943444 ], [ 118.786408968965588, 32.010886957166981 ], [ 118.786401606885846, 32.010808155380033 ] ] ] } },
{ "type": "Feature", "properties": { "OBJECTID": 2206, "type": null, "Time_": null, "Name": null, "Descriptio": null, "SHAPE_Leng": 241.319666864, "SHAPE_Area": 3012.5451321199998, "area_m2": 3012.4418333847293, "area_ha": 0.3 }, "geometry": { "type": "Polygon", "coordinates": [ [ [ 118.787500456781345, 32.010289019339325 ], [ 118.787424912463237, 32.010284718256415 ], [ 118.787349227841318, 32.01029115249716 ], [ 118.78729430428784, 32.010315677904025 ], [ 118.787260095704568, 32.010361873867737 ], [ 118.787233955683845, 32.010433197488069 ], [ 118.787233013176703, 32.010504762030827 ], [ 118.787240423082437, 32.010579985337614 ], [ 118.787223153785064, 32.010615607443789 ], [ 118.78715129057754, 32.010650706619629 ], [ 118.787061922270524, 32.01073931919408 ], [ 118.7870571097625, 32.010785796204893 ], [ 118.787081600418702, 32.010839710342047 ], [ 118.787118548003463, 32.010904480302983 ], [ 118.787109252942827, 32.010972386063912 ], [ 118.787079008140608, 32.011036513485145 ], [ 118.787107838999972, 32.011079733314446 ], [ 118.787162291776895, 32.011090989819891 ], [ 118.787221038612188, 32.011095130456866 ], [ 118.78726751593841, 32.011074103237725 ], [ 118.787267987195321, 32.011038320518416 ], [ 118.787302007542834, 32.011006437471181 ], [ 118.787348484806031, 32.010985410220535 ], [ 118.787482870718762, 32.010986694971905 ], [ 118.787559027037645, 32.010944478843768 ], [ 118.787584837183161, 32.010898202525624 ], [ 118.787594083723562, 32.010833874261351 ], [ 118.787590968572061, 32.010751535121315 ], [ 118.787583417036643, 32.010687046286684 ], [ 118.787551045883447, 32.010593690779167 ], [ 118.787524712005691, 32.010360824761477 ], [ 118.787500456781345, 32.010289019339325 ] ] ] } },
{ "type": "Feature", "properties": { "OBJECTID": 2207, "type": null, "Time_": null, "Name": null, "Descriptio": null, "SHAPE_Leng": 75.621402916799994, "SHAPE_Area": 422.44289793899998, "area_m2": 422.42841255103804, "area_ha": 0.04 }, "geometry": { "type": "Polygon", "coordinates": [ [ [ 118.785467283347813, 32.010953095971701 ], [ 118.7854343951212, 32.010899100222652 ], [ 118.785363003023789, 32.010898416567869 ], [ 118.785299820633384, 32.010912126201667 ], [ 118.785261412107374, 32.010958281381264 ], [ 118.785256504265405, 32.011011915198722 ], [ 118.78527254712229, 32.011069327663712 ], [ 118.785272169500885, 32.011097953457217 ], [ 118.785355924083461, 32.011116648259623 ], [ 118.785427505136667, 32.011103019025008 ], [ 118.785465584327255, 32.011081912053086 ], [ 118.785478607401515, 32.011049828442751 ], [ 118.785479173736121, 32.011006889748835 ], [ 118.785467283347813, 32.010953095971701 ] ] ] } },
{ "type": "Feature", "properties": { "OBJECTID": 2208, "type": null, "Time_": null, "Name": null, "Descriptio": null, "SHAPE_Leng": 230.629110126, "SHAPE_Area": 2273.7298859000002, "area_m2": 2273.6519206934181, "area_ha": 0.23 }, "geometry": { "type": "Polygon", "coordinates": [ [ [ 118.788365345596773, 32.010126083819507 ], [ 118.788456374194851, 32.010123971371556 ], [ 118.788540285527162, 32.01013073678795 ], [ 118.788634813396087, 32.01012865763397 ], [ 118.788708539671447, 32.010111468109422 ], [ 118.788792569724663, 32.010109288584651 ], [ 118.788904830259511, 32.010089484939833 ], [ 118.788964558343054, 32.01007216160577 ], [ 118.789024482462082, 32.010039929365576 ], [ 118.789032070237141, 32.009995267756977 ], [ 118.789018817177805, 32.009938478394467 ], [ 118.788977488470451, 32.009887385817301 ], [ 118.788921651925008, 32.009874923916335 ], [ 118.788876510301705, 32.009847653362179 ], [ 118.788785522251018, 32.009846784533835 ], [ 118.788697640172558, 32.009875767701303 ], [ 118.788641293765068, 32.009902069115562 ], [ 118.788539375333301, 32.009933900088377 ], [ 118.78845526803164, 32.009942043550041 ], [ 118.788346780435162, 32.009941007252202 ], [ 118.788280289234791, 32.009940372067469 ], [ 118.788196260381483, 32.009942552168042 ], [ 118.78811199502546, 32.009962622669512 ], [ 118.788041768030013, 32.009979845283532 ], [ 118.787992146238793, 32.010027086245593 ], [ 118.787988058279268, 32.010071781226699 ], [ 118.788004927719143, 32.010119658433844 ], [ 118.788025532973663, 32.010149677718026 ], [ 118.788077752551857, 32.010171052263175 ], [ 118.788095132214423, 32.010180165130038 ], [ 118.788172005791168, 32.010189845515875 ], [ 118.788266769146233, 32.010169875269312 ], [ 118.788316155475187, 32.010140524666873 ], [ 118.788365345596773, 32.010126083819507 ] ] ] } },
{ "type": "Feature", "properties": { "OBJECTID": 2295, "type": null, "Time_": null, "Name": null, "Descriptio": null, "SHAPE_Leng": 459.17204107399999, "SHAPE_Area": 11356.0026007, "area_m2": 11355.613216330734, "area_ha": 1.14 }, "geometry": { "type": "Polygon", "coordinates": [ [ [ 118.766980861500372, 32.03313866473912 ], [ 118.766858906507565, 32.033095727790027 ], [ 118.76667684386203, 32.033096938881364 ], [ 118.766515825030694, 32.033095372492049 ], [ 118.766393989212602, 32.033043489512899 ], [ 118.766189224305123, 32.032910279636887 ], [ 118.766037164597364, 32.032762670849095 ], [ 118.765914890605984, 32.032743587286141 ], [ 118.765795556756871, 32.032766284005476 ], [ 118.76561897584277, 32.032880870882465 ], [ 118.765589892738319, 32.032961107538547 ], [ 118.765675402535848, 32.03311105093745 ], [ 118.765820540920018, 32.033252627981483 ], [ 118.7659833813793, 32.033379466516017 ], [ 118.766197768703819, 32.03357837862567 ], [ 118.766480887727411, 32.033873391338595 ], [ 118.766664452320455, 32.034021305177305 ], [ 118.76679002953216, 32.034055331713354 ], [ 118.766937169366898, 32.034047816055441 ], [ 118.767007498364691, 32.034024641728841 ], [ 118.767116971436067, 32.033954133231489 ], [ 118.767223743305991, 32.033823953999182 ], [ 118.767231902280045, 32.033737548717653 ], [ 118.767226100658519, 32.033648025746359 ], [ 118.767171291952351, 32.033558026261517 ], [ 118.767064576633118, 32.033422789175255 ], [ 118.767014147473716, 32.033267223939539 ], [ 118.766980861500372, 32.03313866473912 ] ] ] } },
{ "type": "Feature", "properties": { "OBJECTID": 2296, "type": null, "Time_": null, "Name": null, "Descriptio": null, "SHAPE_Leng": 94.959977046999995, "SHAPE_Area": 662.52807267900005, "area_m2": 662.50535504757477, "area_ha": 0.07 }, "geometry": { "type": "Polygon", "coordinates": [ [ [ 118.767518530085624, 32.014933241717365 ], [ 118.767459473737858, 32.014899863580453 ], [ 118.767371979784727, 32.014899013267176 ], [ 118.7673052050054, 32.014919239773548 ], [ 118.767259350042863, 32.014945634396895 ], [ 118.767233893764356, 32.015016960235563 ], [ 118.767264711973823, 32.015067957555246 ], [ 118.767285071854374, 32.015115871260583 ], [ 118.767357568140042, 32.015191131101844 ], [ 118.767459580095945, 32.015153353476428 ], [ 118.767505955079088, 32.015088195693593 ], [ 118.767531251508004, 32.015028796973411 ], [ 118.767535669001774, 32.014960248583698 ], [ 118.767518530085624, 32.014933241717365 ] ] ] } },
{ "type": "Feature", "properties": { "OBJECTID": 2297, "type": null, "Time_": null, "Name": null, "Descriptio": null, "SHAPE_Leng": 35.992730932299999, "SHAPE_Area": 91.279004492799999, "area_m2": 91.275874603882031, "area_ha": 0.01 }, "geometry": { "type": "Polygon", "coordinates": [ [ [ 118.766716346423578, 32.014719670746608 ], [ 118.7666954277272, 32.014713502516358 ], [ 118.766663930907598, 32.014713196231433 ], [ 118.766621853842921, 32.014718751863263 ], [ 118.766603916327242, 32.014751381649432 ], [ 118.766627895046952, 32.014790383878307 ], [ 118.766673270776153, 32.014799771908024 ], [ 118.766743664834408, 32.014770634157145 ], [ 118.766716346423578, 32.014719670746608 ] ] ] } },
{ "type": "Feature", "properties": { "OBJECTID": 2298, "type": null, "Time_": null, "Name": null, "Descriptio": null, "SHAPE_Leng": 69.083873628800006, "SHAPE_Area": 340.23241369700003, "area_m2": 340.22074731427807, "area_ha": 0.03 }, "geometry": { "type": "Polygon", "coordinates": [ [ [ 118.766096478719049, 32.015005899470779 ], [ 118.766047841204454, 32.014978585959724 ], [ 118.76600234556112, 32.014978143309001 ], [ 118.765981306946273, 32.014980921465614 ], [ 118.765949689094484, 32.014989559692175 ], [ 118.765911032405299, 32.015001113179451 ], [ 118.765854316909383, 32.015054241015953 ], [ 118.765846877329494, 32.015086972841971 ], [ 118.765919813097696, 32.015129433544182 ], [ 118.76597218882354, 32.015138889938214 ], [ 118.766014226138992, 32.015136316996809 ], [ 118.76610195899282, 32.015119277035367 ], [ 118.766105898002394, 32.015086511136559 ], [ 118.766106497444156, 32.015041783119699 ], [ 118.766096478719049, 32.015005899470779 ] ] ] } },
{ "type": "Feature", "properties": { "OBJECTID": 2299, "type": null, "Time_": null, "Name": null, "Descriptio": null, "SHAPE_Leng": 75.343974253499994, "SHAPE_Area": 393.28349007399999, "area_m2": 393.2700046301415, "area_ha": 0.04 }, "geometry": { "type": "Polygon", "coordinates": [ [ [ 118.765481385052993, 32.015196740867125 ], [ 118.765411789990509, 32.015166241159314 ], [ 118.76537679254622, 32.015165900475814 ], [ 118.765359254370367, 32.015168711701968 ], [ 118.765313637620892, 32.01517721439221 ], [ 118.765292319034259, 32.015200864298379 ], [ 118.765263441709806, 32.015266192498146 ], [ 118.765289879701086, 32.01538275606746 ], [ 118.765314057947549, 32.015406849798602 ], [ 118.765380793502885, 32.01538960592837 ], [ 118.765423310767304, 32.015351250783837 ], [ 118.76544812879041, 32.015327634920197 ], [ 118.765466626607065, 32.015253258875347 ], [ 118.765481385052993, 32.015196740867125 ] ] ] } },
{ "type": "Feature", "properties": { "OBJECTID": 2300, "type": null, "Time_": null, "Name": null, "Descriptio": null, "SHAPE_Leng": 54.417458000700002, "SHAPE_Area": 177.52710296500001, "area_m2": 177.52101570657962, "area_ha": 0.02 }, "geometry": { "type": "Polygon", "coordinates": [ [ [ 118.764705099579572, 32.01592280903003 ], [ 118.76467754193078, 32.015889736403814 ], [ 118.764632044802596, 32.015889293240129 ], [ 118.76460392596249, 32.015897966107467 ], [ 118.764572028628919, 32.015927477649264 ], [ 118.764515391827061, 32.015974640813994 ], [ 118.764507951676109, 32.016007373444594 ], [ 118.764535390309177, 32.016049391713445 ], [ 118.764591746013352, 32.016023100388274 ], [ 118.764665962233906, 32.015970143609991 ], [ 118.764690700606522, 32.015952491036337 ], [ 118.764705099579572, 32.01592280903003 ] ] ] } },
{ "type": "Feature", "properties": { "OBJECTID": 2301, "type": null, "Time_": null, "Name": null, "Descriptio": null, "SHAPE_Leng": 45.636624193099998, "SHAPE_Area": 139.42693589199999, "area_m2": 139.42215500621148, "area_ha": 0.01 }, "geometry": { "type": "Polygon", "coordinates": [ [ [ 118.763880819644484, 32.016604029452338 ], [ 118.763854069399216, 32.016594225026722 ], [ 118.763820394561733, 32.016599622653715 ], [ 118.763795500150167, 32.016618466491614 ], [ 118.763799313262965, 32.016668128354105 ], [ 118.7638123168378, 32.016700701325895 ], [ 118.763854131562724, 32.016756458547576 ], [ 118.763901630012825, 32.016722566361111 ], [ 118.763910871684075, 32.016701661926817 ], [ 118.763911230401533, 32.016674945057503 ], [ 118.763911461007979, 32.016657769734017 ], [ 118.763880819644484, 32.016604029452338 ] ] ] } },
{ "type": "Feature", "properties": { "OBJECTID": 2302, "type": null, "Time_": null, "Name": null, "Descriptio": null, "SHAPE_Leng": 60.494253889100001, "SHAPE_Area": 245.58738597799999, "area_m2": 245.57896495118365, "area_ha": 0.02 }, "geometry": { "type": "Polygon", "coordinates": [ [ [ 118.762937176933292, 32.016310443743052 ], [ 118.762912563453227, 32.016308294739105 ], [ 118.762885531312648, 32.016319482769724 ], [ 118.76286727943247, 32.016344117075086 ], [ 118.762857755468119, 32.016386014085214 ], [ 118.762857216933128, 32.016426089825778 ], [ 118.762872383420145, 32.016464409844446 ], [ 118.762923181838801, 32.016518346979581 ], [ 118.762990454613359, 32.016513277300078 ], [ 118.763006851963269, 32.016459995607569 ], [ 118.76300303927151, 32.016410334632148 ], [ 118.762974613087707, 32.016358524664113 ], [ 118.762937176933292, 32.016310443743052 ] ] ] } },
{ "type": "Feature", "properties": { "OBJECTID": 2303, "type": null, "Time_": null, "Name": null, "Descriptio": null, "SHAPE_Leng": 50.143897249699997, "SHAPE_Area": 179.19572645299999, "area_m2": 179.18958197009673, "area_ha": 0.02 }, "geometry": { "type": "Polygon", "coordinates": [ [ [ 118.763843310391451, 32.017270408764041 ], [ 118.763790724091805, 32.017266079251961 ], [ 118.763769394330751, 32.017269688274972 ], [ 118.763743263755472, 32.017297108832508 ], [ 118.763732505162736, 32.017347582656328 ], [ 118.763746410556152, 32.017396387983517 ], [ 118.76378401520121, 32.017432063690336 ], [ 118.763830343185617, 32.017401977969271 ], [ 118.763867916258832, 32.017356537345918 ], [ 118.763879499684137, 32.017328020966026 ], [ 118.763861100953164, 32.017280125864495 ], [ 118.763843310391451, 32.017270408764041 ] ] ] } },
{ "type": "Feature", "properties": { "OBJECTID": 2304, "type": null, "Time_": null, "Name": null, "Descriptio": null, "SHAPE_Leng": 55.523655479399999, "SHAPE_Area": 217.6859499, "area_m2": 217.6784856131097, "area_ha": 0.02 }, "geometry": { "type": "Polygon", "coordinates": [ [ [ 118.763229579943342, 32.017681459543084 ], [ 118.763200743040144, 32.017660183819046 ], [ 118.763173710529728, 32.017671371899681 ], [ 118.763115126542814, 32.017696566897989 ], [ 118.763088740307467, 32.017743070403881 ], [ 118.763081212934026, 32.017803118468805 ], [ 118.763113203501135, 32.017839694526003 ], [ 118.763194084307372, 32.017822351752457 ], [ 118.76322372780794, 32.017783513862604 ], [ 118.763240911571714, 32.017755052161526 ], [ 118.763251542303735, 32.017714119932492 ], [ 118.763229579943342, 32.017681459543084 ] ] ] } },
{ "type": "Feature", "properties": { "OBJECTID": 2305, "type": null, "Time_": null, "Name": null, "Descriptio": null, "SHAPE_Leng": 43.694108270599997, "SHAPE_Area": 124.664999178, "area_m2": 124.6607244968512, "area_ha": 0.01 }, "geometry": { "type": "Polygon", "coordinates": [ [ [ 118.763131055974085, 32.018011644295491 ], [ 118.763086347047889, 32.018004528384701 ], [ 118.763060523760856, 32.018009048368995 ], [ 118.763042335685824, 32.018028911464746 ], [ 118.763015858496644, 32.018082094829332 ], [ 118.763007416595713, 32.018126864417944 ], [ 118.763073558119345, 32.018122738589746 ], [ 118.763136737221743, 32.018088999649379 ], [ 118.763151539807893, 32.018071011539746 ], [ 118.763135176444223, 32.018038405740128 ], [ 118.763131055974085, 32.018011644295491 ] ] ] } },
{ "type": "Feature", "properties": { "OBJECTID": 2306, "type": null, "Time_": null, "Name": null, "Descriptio": null, "SHAPE_Leng": 113.25405522699999, "SHAPE_Area": 819.25390188699998, "area_m2": 819.22581023494877, "area_ha": 0.08 }, "geometry": { "type": "Polygon", "coordinates": [ [ [ 118.763582493841241, 32.01833626769033 ], [ 118.763556114787804, 32.018298792450011 ], [ 118.763500657368908, 32.018299683668303 ], [ 118.76346854699301, 32.018313685226843 ], [ 118.763396213379181, 32.018320136804761 ], [ 118.763339172690678, 32.018313854744299 ], [ 118.763305708695469, 32.018303508628527 ], [ 118.763251970202631, 32.018301552670856 ], [ 118.763233432762277, 32.018305666735607 ], [ 118.763202828687085, 32.018332565638488 ], [ 118.76318385001818, 32.018369598607613 ], [ 118.763159773315422, 32.018410876696066 ], [ 118.763164447212688, 32.018438119638546 ], [ 118.763175668822328, 32.018478310062058 ], [ 118.76319700743943, 32.018515736222682 ], [ 118.763245322206799, 32.018546268587286 ], [ 118.763336115522506, 32.018541428119143 ], [ 118.763439264903241, 32.018492332237152 ], [ 118.76355602558175, 32.018430486250779 ], [ 118.763598408865903, 32.018402270185952 ], [ 118.763598908672861, 32.018365056999457 ], [ 118.763582493841241, 32.01833626769033 ] ] ] } },
{ "type": "Feature", "properties": { "OBJECTID": 2307, "type": null, "Time_": null, "Name": null, "Descriptio": null, "SHAPE_Leng": 53.358766504400002, "SHAPE_Area": 207.08242173100001, "area_m2": 207.07532104187933, "area_ha": 0.02 }, "geometry": { "type": "Polygon", "coordinates": [ [ [ 118.76367089226683, 32.018634874859934 ], [ 118.763618986759454, 32.018621485213885 ], [ 118.763580328495649, 32.018622540239498 ], [ 118.763543120014859, 32.018640786051513 ], [ 118.763515875772171, 32.018667718687325 ], [ 118.763512112183548, 32.018697742280111 ], [ 118.763519935649938, 32.01874076247001 ], [ 118.763564716687, 32.018784143886052 ], [ 118.76363575466435, 32.018749049410175 ], [ 118.763676804670027, 32.018695053976451 ], [ 118.763685684384285, 32.018659353496204 ], [ 118.76367089226683, 32.018634874859934 ] ] ] } },
{ "type": "Feature", "properties": { "OBJECTID": 2308, "type": null, "Time_": null, "Name": null, "Descriptio": null, "SHAPE_Leng": 54.807454110599998, "SHAPE_Area": 211.35187035199999, "area_m2": 211.34462326810217, "area_ha": 0.02 }, "geometry": { "type": "Polygon", "coordinates": [ [ [ 118.764202592820524, 32.01915804866541 ], [ 118.764186209679011, 32.019126874720094 ], [ 118.764113427742799, 32.019124972499064 ], [ 118.76407666045435, 32.019152050499983 ], [ 118.764045173035896, 32.019203037375149 ], [ 118.76406257183767, 32.019262851412634 ], [ 118.764123609080983, 32.019305197199564 ], [ 118.764180264199297, 32.019256841484818 ], [ 118.764191927854824, 32.019222361060443 ], [ 118.764202000370787, 32.01920217976749 ], [ 118.764202592820524, 32.01915804866541 ] ] ] } },
{ "type": "Feature", "properties": { "OBJECTID": 2309, "type": null, "Time_": null, "Name": null, "Descriptio": null, "SHAPE_Leng": 291.91311174399999, "SHAPE_Area": 5492.95728719, "area_m2": 5492.7689373677149, "area_ha": 0.55 }, "geometry": { "type": "Polygon", "coordinates": [ [ [ 118.768084109526981, 32.017365443250704 ], [ 118.76803515199704, 32.017361985728016 ], [ 118.767978915049923, 32.017379332965511 ], [ 118.767950436891525, 32.017414842486879 ], [ 118.767928919946115, 32.017453402486581 ], [ 118.767924701045544, 32.017507041213726 ], [ 118.767955521487991, 32.017558038386618 ], [ 118.767982881284397, 32.017606019977855 ], [ 118.768003401675998, 32.017642006398205 ], [ 118.768020223041233, 32.017692867562765 ], [ 118.76802976498054, 32.017764533505442 ], [ 118.768025625919776, 32.017812209098274 ], [ 118.768010828637813, 32.017871709878037 ], [ 118.767992890954886, 32.017904339841749 ], [ 118.76795705439504, 32.017966618181916 ], [ 118.767946115737701, 32.017999317033471 ], [ 118.76796643666944, 32.018050212200791 ], [ 118.767997415869544, 32.01808928218059 ], [ 118.768028475968535, 32.018122388126024 ], [ 118.768111833967652, 32.018170913656213 ], [ 118.7681955511556, 32.018192602315466 ], [ 118.768369945917982, 32.018239029021835 ], [ 118.76855531922017, 32.018249775919266 ], [ 118.768657493686661, 32.018200070244163 ], [ 118.768706730872807, 32.018182654753687 ], [ 118.768714088913143, 32.018155885883601 ], [ 118.768743245009261, 32.018069685015668 ], [ 118.768743883117068, 32.018021975406555 ], [ 118.768744640868903, 32.017965320188935 ], [ 118.76873469953911, 32.017923472681396 ], [ 118.768710719142476, 32.017884470827134 ], [ 118.768714936552584, 32.017830832055651 ], [ 118.768715255605017, 32.017806977701312 ], [ 118.768712035259725, 32.017786070038028 ], [ 118.768701854664201, 32.017762113744311 ], [ 118.768677993972162, 32.017714166275944 ], [ 118.768508455760042, 32.017566391638532 ], [ 118.768449716510489, 32.017509158670435 ], [ 118.768359119457273, 32.017478456601751 ], [ 118.768178325585055, 32.017387233894873 ], [ 118.768132987255811, 32.017374864793119 ], [ 118.768084109526981, 32.017365443250704 ] ] ] } },
{ "type": "Feature", "properties": { "OBJECTID": 2310, "type": null, "Time_": null, "Name": null, "Descriptio": null, "SHAPE_Leng": 684.68316967600003, "SHAPE_Area": 3063.5353416500002, "area_m2": 3063.4302952170128, "area_ha": 0.31 }, "geometry": { "type": "Polygon", "coordinates": [ [ [ 118.777029219560944, 32.015088143211401 ], [ 118.776999077918887, 32.014996238626424 ], [ 118.776917860723202, 32.015039353467579 ], [ 118.7766496711467, 32.015160827994215 ], [ 118.776142060892099, 32.015598732490858 ], [ 118.775397412733568, 32.016341634257103 ], [ 118.774974346336492, 32.016822340123881 ], [ 118.774686254188168, 32.01726044970146 ], [ 118.774789423843643, 32.017293415714065 ], [ 118.77485337710381, 32.017158997756148 ], [ 118.774912529112243, 32.017090858760461 ], [ 118.774967352923696, 32.017011226193375 ], [ 118.77511337189928, 32.016812231193299 ], [ 118.775300317268176, 32.016567823382331 ], [ 118.775507242758621, 32.016336968840243 ], [ 118.775852473903541, 32.015981479849536 ], [ 118.776070037443731, 32.015792717015799 ], [ 118.776301217812744, 32.01559072451024 ], [ 118.776484674601761, 32.015439804007116 ], [ 118.776711017788784, 32.015264485381124 ], [ 118.777029219560944, 32.015088143211401 ] ] ] } },
{ "type": "Feature", "properties": { "OBJECTID": 2311, "type": null, "Time_": null, "Name": null, "Descriptio": null, "SHAPE_Leng": 698.04787556700001, "SHAPE_Area": 3398.33851645, "area_m2": 3398.2219898335452, "area_ha": 0.34 }, "geometry": { "type": "Polygon", "coordinates": [ [ [ 118.774732265895437, 32.017388485485348 ], [ 118.774632074011748, 32.017342187540727 ], [ 118.774417034216555, 32.017719448729267 ], [ 118.774224745285252, 32.018280635004828 ], [ 118.773941304869979, 32.019167791896834 ], [ 118.773791358843994, 32.019703143268806 ], [ 118.77374450196352, 32.020277663376703 ], [ 118.773887013061895, 32.020300512844486 ], [ 118.773888474690423, 32.020190781561361 ], [ 118.773908130016167, 32.019766302772226 ], [ 118.773942234565837, 32.019518510520157 ], [ 118.774036312212985, 32.019183025031232 ], [ 118.77414763226453, 32.018814304933947 ], [ 118.774229365628443, 32.018564587901317 ], [ 118.774366741136063, 32.018131702946789 ], [ 118.774456364233657, 32.017920235012568 ], [ 118.774623076444939, 32.017597379571619 ], [ 118.774732265895437, 32.017388485485348 ] ] ] } },
{ "type": "Feature", "properties": { "OBJECTID": 2312, "type": null, "Time_": null, "Name": null, "Descriptio": null, "SHAPE_Leng": 909.56376011700002, "SHAPE_Area": 5285.7483017000004, "area_m2": 5285.5670576486746, "area_ha": 0.53 }, "geometry": { "type": "Polygon", "coordinates": [ [ [ 118.773826311764438, 32.020653022343708 ], [ 118.773866332843198, 32.020381429896517 ], [ 118.773748702913878, 32.020382678456983 ], [ 118.773699359448003, 32.020723368074428 ], [ 118.773707317401005, 32.020966794192525 ], [ 118.773610789202323, 32.021485961098172 ], [ 118.773480850480709, 32.021990490081883 ], [ 118.77329923818607, 32.022589949739057 ], [ 118.773141741144656, 32.023060810501946 ], [ 118.772955477932996, 32.023588651262422 ], [ 118.77281764028956, 32.02384498200874 ], [ 118.772651865159659, 32.02409627033726 ], [ 118.772633410525302, 32.024220152594417 ], [ 118.772761831759695, 32.024250024801283 ], [ 118.772911507261171, 32.02394609290004 ], [ 118.773118517660691, 32.023542513875874 ], [ 118.773334305888952, 32.022900440348273 ], [ 118.773538255527498, 32.022305968563039 ], [ 118.773722853048895, 32.021482272937966 ], [ 118.773759789758842, 32.021232123178095 ], [ 118.773826311764438, 32.020653022343708 ] ] ] } },
{ "type": "Feature", "properties": { "OBJECTID": 2313, "type": null, "Time_": null, "Name": null, "Descriptio": null, "SHAPE_Leng": 39.003608294099998, "SHAPE_Area": 91.060874840899999, "area_m2": 91.057752448263955, "area_ha": 0.01 }, "geometry": { "type": "Polygon", "coordinates": [ [ [ 118.783870812018108, 32.028834567075336 ], [ 118.783846664777741, 32.028807496046255 ], [ 118.783839664838169, 32.028807428908273 ], [ 118.783800963891935, 32.02882196840617 ], [ 118.783800096857007, 32.028887569489001 ], [ 118.783837733792538, 32.028953538978122 ], [ 118.783891144033134, 32.02888545988214 ], [ 118.783884577569452, 32.028852592654886 ], [ 118.783870812018108, 32.028834567075336 ] ] ] } },
{ "type": "Feature", "properties": { "OBJECTID": 2314, "type": null, "Time_": null, "Name": null, "Descriptio": null, "SHAPE_Leng": 87.039791948599998, "SHAPE_Area": 503.81535274499998, "area_m2": 503.79807740492322, "area_ha": 0.05 }, "geometry": { "type": "Polygon", "coordinates": [ [ [ 118.781697123236725, 32.02749257423914 ], [ 118.781687017196035, 32.027462654854439 ], [ 118.781644974498803, 32.027465232858582 ], [ 118.781620472971341, 32.027464997436979 ], [ 118.781588615230476, 32.027491531654093 ], [ 118.781549323344379, 32.027550798670596 ], [ 118.781541691797216, 32.027598441174156 ], [ 118.781547507191178, 32.027687963909145 ], [ 118.781561152623453, 32.027714934454288 ], [ 118.781588523511573, 32.027762913294957 ], [ 118.781669068718983, 32.027760705257627 ], [ 118.781729085960194, 32.027722512840711 ], [ 118.781747455094859, 32.027657080838118 ], [ 118.781740928957177, 32.027621231034232 ], [ 118.781734401765789, 32.02758538121973 ], [ 118.781724256219462, 32.027558444318302 ], [ 118.781697123236725, 32.02749257423914 ] ] ] } },
{ "type": "Feature", "properties": { "OBJECTID": 2315, "type": null, "Time_": null, "Name": null, "Descriptio": null, "SHAPE_Leng": 537.64813060500001, "SHAPE_Area": 13355.9547678, "area_m2": 13355.496805220706, "area_ha": 1.34 }, "geometry": { "type": "Polygon", "coordinates": [ [ [ 118.784915917659248, 32.027896237679151 ], [ 118.784882490074708, 32.027776628150967 ], [ 118.784770325212449, 32.027787482882552 ], [ 118.784703741400108, 32.027792808661559 ], [ 118.784668817656737, 32.027786510019276 ], [ 118.784637513066755, 32.027771298374702 ], [ 118.784606128658709, 32.02776205077798 ], [ 118.784557519234554, 32.027731762546665 ], [ 118.784533096372442, 32.027725564522306 ], [ 118.784512567311367, 32.027689580617881 ], [ 118.784492392733355, 32.027626760670287 ], [ 118.784468678875044, 32.02756688875094 ], [ 118.784437767213049, 32.027521858525596 ], [ 118.784403395034246, 32.027473814060656 ], [ 118.784347785991429, 32.027443458648229 ], [ 118.784316992604644, 32.027389482748077 ], [ 118.784250763597385, 32.027367972257068 ], [ 118.784215879452589, 32.027358691011045 ], [ 118.784191338526156, 32.027361438570097 ], [ 118.784152718104465, 32.027370014140232 ], [ 118.784072094441868, 32.027378187830152 ], [ 118.783974245945757, 32.027365320766066 ], [ 118.783862750363738, 32.027325482402503 ], [ 118.783758058709779, 32.027300620802514 ], [ 118.783635551197904, 32.027299445693835 ], [ 118.783526373253324, 32.027349096156975 ], [ 118.783469779121035, 32.027393286201217 ], [ 118.783451252515277, 32.02747064660371 ], [ 118.783450542953275, 32.027524320467364 ], [ 118.783456794888494, 32.027581042177069 ], [ 118.783532814100724, 32.027656327675189 ], [ 118.783670734942248, 32.027815708993394 ], [ 118.783804919874981, 32.027992946987432 ], [ 118.783876178753886, 32.028163617425257 ], [ 118.783892498402949, 32.028253240824299 ], [ 118.783926397716186, 32.028337068000042 ], [ 118.783977837323761, 32.028418081422195 ], [ 118.784083311603197, 32.02864872445307 ], [ 118.784151544280888, 32.028783579505827 ], [ 118.784224341909876, 32.028837957291664 ], [ 118.784269214386967, 32.02888610337925 ], [ 118.784317864758094, 32.028913410157465 ], [ 118.784471404737218, 32.028950668339313 ], [ 118.784569845773575, 32.028918807733234 ], [ 118.784671984693588, 32.028872070894657 ], [ 118.784728816543122, 32.028809989049499 ], [ 118.784760909093862, 32.028765562734534 ], [ 118.784768815795275, 32.028697048043917 ], [ 118.784769879020885, 32.028616538125355 ], [ 118.784653862734018, 32.028388776556383 ], [ 118.7845967212413, 32.028209295076593 ], [ 118.784604745107472, 32.028131833833569 ], [ 118.784630231394615, 32.028057522826614 ], [ 118.784662442920592, 32.028004150889046 ], [ 118.784680258720797, 32.027980464167669 ], [ 118.784708694584168, 32.027947932449706 ], [ 118.784778975339634, 32.027927730499975 ], [ 118.784915917659248, 32.027896237679151 ] ] ] } },
{ "type": "Feature", "properties": { "OBJECTID": 2316, "type": null, "Time_": null, "Name": null, "Descriptio": null, "SHAPE_Leng": 844.81853138999998, "SHAPE_Area": 4266.0281218600003, "area_m2": 4265.8818438264234, "area_ha": 0.43 }, "geometry": { "type": "Polygon", "coordinates": [ [ [ 118.785259566996388, 32.028877661656168 ], [ 118.785234120818203, 32.028768626411242 ], [ 118.784877475514207, 32.028969432325169 ], [ 118.783815663473462, 32.029465037478239 ], [ 118.783054488472899, 32.029759297114886 ], [ 118.782338366110523, 32.030034899147005 ], [ 118.781308178343238, 32.030339924163684 ], [ 118.781336012421846, 32.030437532236952 ], [ 118.781523088270376, 32.030353441306005 ], [ 118.781972723307703, 32.030237518292957 ], [ 118.782715326801878, 32.029992711745251 ], [ 118.783510057313677, 32.029702593079548 ], [ 118.784370883773349, 32.029327215051183 ], [ 118.785259566996388, 32.028877661656168 ] ] ] } },
{ "type": "Feature", "properties": { "OBJECTID": 2317, "type": null, "Time_": null, "Name": null, "Descriptio": null, "SHAPE_Leng": 250.01744750399999, "SHAPE_Area": 3830.12742979, "area_m2": 3829.9960980090254, "area_ha": 0.38 }, "geometry": { "type": "Polygon", "coordinates": [ [ [ 118.768772396482873, 32.023372592397003 ], [ 118.768632808945682, 32.023340221830821 ], [ 118.768515239167911, 32.023336694212389 ], [ 118.768467638660326, 32.023336231943034 ], [ 118.768411477904664, 32.02334761523386 ], [ 118.768346885618641, 32.023361302531349 ], [ 118.76830173309466, 32.02338710823124 ], [ 118.768270134709738, 32.023446445790952 ], [ 118.768257753680615, 32.023534599283508 ], [ 118.768284859923128, 32.023601663915969 ], [ 118.768364752345775, 32.023700256438204 ], [ 118.768545543697641, 32.023792671921328 ], [ 118.768656651898212, 32.023860553100981 ], [ 118.768715070653855, 32.0238897496234 ], [ 118.76881141311982, 32.024014745851069 ], [ 118.768903081777992, 32.024070508461982 ], [ 118.769001115716677, 32.024069074244579 ], [ 118.769029563729973, 32.024035949276993 ], [ 118.769052761137232, 32.023976529979876 ], [ 118.769058999701215, 32.023928874773901 ], [ 118.769037683637308, 32.023847551867618 ], [ 118.769007904173407, 32.023770917745054 ], [ 118.768997725295165, 32.02369447388957 ], [ 118.769004251005526, 32.023625349963268 ], [ 118.768996839400131, 32.02355131889302 ], [ 118.76892827387087, 32.023443293026361 ], [ 118.768869951042404, 32.023406940665744 ], [ 118.768772396482873, 32.023372592397003 ] ] ] } },
{ "type": "Feature", "properties": { "OBJECTID": 2318, "type": null, "Time_": null, "Name": null, "Descriptio": null, "SHAPE_Leng": 212.38426085, "SHAPE_Area": 1610.6645531, "area_m2": 1610.6093248284556, "area_ha": 0.16 }, "geometry": { "type": "Polygon", "coordinates": [ [ [ 118.766180782712581, 32.024300282674375 ], [ 118.766122268608584, 32.024278240931018 ], [ 118.76603733910008, 32.024346602650084 ], [ 118.76605050772082, 32.024408760259554 ], [ 118.76607446156784, 32.024502038901076 ], [ 118.766100926824436, 32.024616813469997 ], [ 118.766130384273865, 32.024717303418527 ], [ 118.766134801483716, 32.024805620103834 ], [ 118.766155571487644, 32.024927496106223 ], [ 118.766179588465135, 32.025016003494656 ], [ 118.766237367536064, 32.025092910663069 ], [ 118.766334635090544, 32.025148730491352 ], [ 118.766382971935101, 32.025094327238421 ], [ 118.766359914009129, 32.02493425606383 ], [ 118.766338760033548, 32.024841004715235 ], [ 118.766318149693092, 32.024707200680645 ], [ 118.766280548136351, 32.024587546866051 ], [ 118.766257073729705, 32.024458485896503 ], [ 118.766235696103621, 32.024381932905101 ], [ 118.766205694985288, 32.02432199656041 ], [ 118.766180782712581, 32.024300282674375 ] ] ] } },
{ "type": "Feature", "properties": { "OBJECTID": 2319, "type": null, "Time_": null, "Name": null, "Descriptio": null, "SHAPE_Leng": 133.47196581399999, "SHAPE_Area": 944.53813856099998, "area_m2": 944.5057511915436, "area_ha": 0.09 }, "geometry": { "type": "Polygon", "coordinates": [ [ [ 118.764628909035608, 32.023497867337966 ], [ 118.764578732438025, 32.023480677959682 ], [ 118.764516810620066, 32.02350393299875 ], [ 118.764439929103872, 32.023598614492435 ], [ 118.764402151296466, 32.023700834723812 ], [ 118.764389733446976, 32.023791373341055 ], [ 118.764411397634277, 32.023846457024021 ], [ 118.764455269412622, 32.023916072611854 ], [ 118.764502102668771, 32.023973787430279 ], [ 118.764580567913754, 32.023969780050329 ], [ 118.764620953758694, 32.023881899805019 ], [ 118.764621626155972, 32.023831805605631 ], [ 118.764603146317526, 32.023748122819541 ], [ 118.764592394756988, 32.023714616973933 ], [ 118.76461263564336, 32.023667099334908 ], [ 118.764660812575485, 32.023624624781625 ], [ 118.764664317196036, 32.023572171346771 ], [ 118.764664829475336, 32.023534004292301 ], [ 118.764628909035608, 32.023497867337966 ] ] ] } },
{ "type": "Feature", "properties": { "OBJECTID": 2320, "type": null, "Time_": null, "Name": null, "Descriptio": null, "SHAPE_Leng": 119.714521453, "SHAPE_Area": 621.08274930300001, "area_m2": 621.061452881592, "area_ha": 0.06 }, "geometry": { "type": "Polygon", "coordinates": [ [ [ 118.764191493047292, 32.023538935113763 ], [ 118.764138452230981, 32.023526489492589 ], [ 118.764096226852132, 32.023542778515107 ], [ 118.764098258292933, 32.023600056826467 ], [ 118.76409424083063, 32.023690677282879 ], [ 118.764073552262374, 32.023771591570089 ], [ 118.764069951199843, 32.023831200904752 ], [ 118.764077710152876, 32.023878992251959 ], [ 118.764088238366185, 32.023929196509933 ], [ 118.764121038200656, 32.023989160612764 ], [ 118.764185343215132, 32.023996944177242 ], [ 118.764242433671583, 32.023916384617252 ], [ 118.764245810435284, 32.023873472738764 ], [ 118.76422401821641, 32.023827931467885 ], [ 118.76421065873933, 32.023780085549618 ], [ 118.764211363401017, 32.023727604846144 ], [ 118.764212164143544, 32.023667968215257 ], [ 118.764212996903098, 32.023605946875911 ], [ 118.764213477350836, 32.023570164536096 ], [ 118.764191493047292, 32.023538935113763 ] ] ] } },
{ "type": "Feature", "properties": { "OBJECTID": 2321, "type": null, "Time_": null, "Name": null, "Descriptio": null, "SHAPE_Leng": 246.51033051600001, "SHAPE_Area": 2569.5211235000002, "area_m2": 2569.4330168425718, "area_ha": 0.26 }, "geometry": { "type": "Polygon", "coordinates": [ [ [ 118.764709490415925, 32.022918908446911 ], [ 118.764710707015922, 32.022828260667019 ], [ 118.764606963385617, 32.022629231124959 ], [ 118.764524115674547, 32.022542536210786 ], [ 118.764485107282241, 32.02252784153022 ], [ 118.764445970818429, 32.022522688376938 ], [ 118.764420674126342, 32.022529598768052 ], [ 118.764392226032285, 32.022562722689656 ], [ 118.764383121992765, 32.022615121564144 ], [ 118.764382545563109, 32.02265805984014 ], [ 118.764401472301984, 32.02270834501283 ], [ 118.764414992914766, 32.022744263779224 ], [ 118.764414544585989, 32.022777660516383 ], [ 118.764413872103532, 32.022827754720211 ], [ 118.764402222981531, 32.022861042321203 ], [ 118.764379439224555, 32.022889449583651 ], [ 118.764337342279333, 32.022896197158417 ], [ 118.764287262150404, 32.022871850843096 ], [ 118.764196238155478, 32.022768375492774 ], [ 118.764126717973596, 32.022731911859729 ], [ 118.764090285552044, 32.022733941812824 ], [ 118.764050573486429, 32.022771727717924 ], [ 118.764009514910043, 32.022909702892264 ], [ 118.764008649999866, 32.022974109843261 ], [ 118.764018984827771, 32.023038626855957 ], [ 118.764038200789642, 32.0230674434044 ], [ 118.764113353614832, 32.023101576962887 ], [ 118.764300795575878, 32.02311533232907 ], [ 118.76447774231633, 32.023076498487313 ], [ 118.764587327126804, 32.023048935968269 ], [ 118.764649472729971, 32.023008983417213 ], [ 118.764694881107431, 32.022964095948801 ], [ 118.764709490415925, 32.022918908446911 ] ] ] } },
{ "type": "Feature", "properties": { "OBJECTID": 2322, "type": null, "Time_": null, "Name": null, "Descriptio": null, "SHAPE_Leng": 325.52508149200003, "SHAPE_Area": 5034.6961519799997, "area_m2": 5034.5235168472564, "area_ha": 0.5 }, "geometry": { "type": "Polygon", "coordinates": [ [ [ 118.765013951423612, 32.024646790856096 ], [ 118.764933996802739, 32.024552966613683 ], [ 118.764878540264959, 32.024511868509329 ], [ 118.764824762452221, 32.0245542885785 ], [ 118.764759751567496, 32.024598985123617 ], [ 118.764694965808133, 32.024626983278388 ], [ 118.764666965406249, 32.024626710506681 ], [ 118.764611219712805, 32.024607080959953 ], [ 118.764581091517044, 32.024556685793989 ], [ 118.764551186438027, 32.024489593147713 ], [ 118.764521570667824, 32.024401030921197 ], [ 118.764444418064784, 32.024307233677177 ], [ 118.764433825566854, 32.024261800664668 ], [ 118.76435027201164, 32.024227586329047 ], [ 118.764280558524732, 32.024205434612583 ], [ 118.764221533536102, 32.024221559960864 ], [ 118.764195884009496, 32.024254711093647 ], [ 118.764186843736226, 32.024302337813303 ], [ 118.764203067563571, 32.024345440704508 ], [ 118.764235707465431, 32.024417331923956 ], [ 118.764268251335267, 32.024496379061624 ], [ 118.7642924585586, 32.024570574011442 ], [ 118.764311912886967, 32.02479025572643 ], [ 118.764341400459188, 32.02488835952974 ], [ 118.764348648244223, 32.024974317910051 ], [ 118.764417113318871, 32.025089502047877 ], [ 118.764491370174596, 32.025190428856682 ], [ 118.764616862533913, 32.025229823538815 ], [ 118.764670064491995, 32.025230341837748 ], [ 118.764745795621963, 32.025221536796131 ], [ 118.764804917229029, 32.025198254391618 ], [ 118.764838774458767, 32.02517949861695 ], [ 118.764867096241545, 32.02515591617157 ], [ 118.764886953175747, 32.025137023113594 ], [ 118.764909961454492, 32.025091917414244 ], [ 118.764941819728008, 32.025013497711576 ], [ 118.764979116309462, 32.024947058769243 ], [ 118.76499958136813, 32.024882842712621 ], [ 118.765008910459784, 32.024813745452484 ], [ 118.76501019086659, 32.02471832737136 ], [ 118.765013951423612, 32.024646790856096 ] ] ] } },
{ "type": "Feature", "properties": { "OBJECTID": 2323, "type": null, "Time_": null, "Name": null, "Descriptio": null, "SHAPE_Leng": 2208.2151827299999, "SHAPE_Area": 12593.4862601, "area_m2": 12593.054442342882, "area_ha": 1.26 }, "geometry": { "type": "Polygon", "coordinates": [ [ [ 118.771489247194111, 32.027010175712242 ], [ 118.771045406138313, 32.026430305559394 ], [ 118.7709867394382, 32.026367110529812 ], [ 118.770987695156947, 32.026295546600139 ], [ 118.771002292968234, 32.026250954275113 ], [ 118.771069752228939, 32.026180034884661 ], [ 118.771367309377723, 32.025917500106125 ], [ 118.771711481217508, 32.025571914203773 ], [ 118.772230697805739, 32.024962604859695 ], [ 118.772568776799559, 32.024548366208883 ], [ 118.772694063592326, 32.024340823067497 ], [ 118.772547735969553, 32.0242887090143 ], [ 118.772343894892032, 32.024611798589312 ], [ 118.772030315453733, 32.025026273868484 ], [ 118.771689487528477, 32.02538382182351 ], [ 118.771050144678014, 32.026075466564421 ], [ 118.770412705553738, 32.02662398086003 ], [ 118.769748012883696, 32.027115564867962 ], [ 118.769129335686159, 32.027568822949505 ], [ 118.768570475577391, 32.027998800503404 ], [ 118.767793557120967, 32.028504195467733 ], [ 118.767404774660818, 32.028780745366049 ], [ 118.76749116246927, 32.028865086932385 ], [ 118.768713506181101, 32.028035976500256 ], [ 118.76982772048342, 32.027175982636336 ], [ 118.770754333493642, 32.026469235159936 ], [ 118.770838896262646, 32.02642830393944 ], [ 118.770926360409248, 32.026432133689752 ], [ 118.771022015595776, 32.026609012289462 ], [ 118.771708205432304, 32.027391038312082 ], [ 118.772015983799676, 32.027674348163991 ], [ 118.772415129016551, 32.028194137812982 ], [ 118.772547900278425, 32.028475751990904 ], [ 118.77278480451119, 32.028823983200347 ], [ 118.772899876995922, 32.029120336381617 ], [ 118.77299494329074, 32.029341940723526 ], [ 118.773086466934103, 32.029304057358509 ], [ 118.772988577482195, 32.029031728050235 ], [ 118.772934799466611, 32.028864203831134 ], [ 118.772777246373479, 32.028603225676385 ], [ 118.772588590331807, 32.028312124020673 ], [ 118.772497146319097, 32.028081607674878 ], [ 118.772079704738061, 32.027621285575314 ], [ 118.771748219851162, 32.027278101770669 ], [ 118.771489247194111, 32.027010175712242 ] ] ] } },
{ "type": "Feature", "properties": { "OBJECTID": 2324, "type": null, "Time_": null, "Name": null, "Descriptio": null, "SHAPE_Leng": 465.398943938, "SHAPE_Area": 2708.4019787699999, "area_m2": 2708.3091109511315, "area_ha": 0.27 }, "geometry": { "type": "Polygon", "coordinates": [ [ [ 118.767372595138966, 32.028935507496918 ], [ 118.767277443593329, 32.028846785813137 ], [ 118.766339816883885, 32.029431247957461 ], [ 118.765338338793271, 32.029931101511529 ], [ 118.765391027925148, 32.030011776413083 ], [ 118.765736056637735, 32.029845268981198 ], [ 118.766279422260681, 32.029590984089133 ], [ 118.766904787748146, 32.029236337916771 ], [ 118.767372595138966, 32.028935507496918 ] ] ] } },
{ "type": "Feature", "properties": { "OBJECTID": 2325, "type": null, "Time_": null, "Name": null, "Descriptio": null, "SHAPE_Leng": 1104.7279665900001, "SHAPE_Area": 5643.6393552099998, "area_m2": 5643.4458410593043, "area_ha": 0.56 }, "geometry": { "type": "Polygon", "coordinates": [ [ [ 118.774829721607475, 32.032115434636303 ], [ 118.774910627980006, 32.032086394166164 ], [ 118.7751037449286, 32.032043527060033 ], [ 118.775477049501589, 32.03187714624049 ], [ 118.775463840786287, 32.03181737420168 ], [ 118.774947140663016, 32.031973422831442 ], [ 118.774490341680007, 32.032100226085937 ], [ 118.774420651425444, 32.032075695049301 ], [ 118.774042715670646, 32.031275787878947 ], [ 118.773934478157926, 32.030991430540197 ], [ 118.773723258690495, 32.030553983153091 ], [ 118.773528946076908, 32.030161432755541 ], [ 118.773269241946366, 32.029684747532386 ], [ 118.773153611043242, 32.029430139327651 ], [ 118.773051704519801, 32.029458975509186 ], [ 118.77312334292148, 32.029599833109359 ], [ 118.773198520221257, 32.029737742956513 ], [ 118.773549473770899, 32.030459853649411 ], [ 118.773889851994753, 32.031187825917847 ], [ 118.77426042734362, 32.032014501748975 ], [ 118.774297699972692, 32.03210731071124 ], [ 118.774240860188996, 32.032169387634234 ], [ 118.774086048085493, 32.032227535345058 ], [ 118.773607846622241, 32.032383950663565 ], [ 118.773217114729945, 32.032544193358845 ], [ 118.773282589259495, 32.032622364808908 ], [ 118.773943965676736, 32.032381237443651 ], [ 118.774454622740919, 32.032153561392512 ], [ 118.774689705559808, 32.032114081601989 ], [ 118.774829721607475, 32.032115434636303 ] ] ] } },
{ "type": "Feature", "properties": { "OBJECTID": 2326, "type": null, "Time_": null, "Name": null, "Descriptio": null, "SHAPE_Leng": 330.83583851999998, "SHAPE_Area": 1643.3590581000001, "area_m2": 1643.3027091291326, "area_ha": 0.16 }, "geometry": { "type": "Polygon", "coordinates": [ [ [ 118.777229322524192, 32.031368987022709 ], [ 118.777207712379095, 32.031309134122942 ], [ 118.776746623707567, 32.031443062021594 ], [ 118.77655289528947, 32.03147936492627 ], [ 118.776440566568624, 32.031502138430525 ], [ 118.776198915738576, 32.03156183666021 ], [ 118.77561960862127, 32.031739949149227 ], [ 118.775660566193295, 32.03181907470973 ], [ 118.775806848264878, 32.031770386381609 ], [ 118.776059670059269, 32.031713182671908 ], [ 118.776669367011564, 32.031566376572947 ], [ 118.777229322524192, 32.031368987022709 ] ] ] } },
{ "type": "Feature", "properties": { "OBJECTID": 2327, "type": null, "Time_": null, "Name": null, "Descriptio": null, "SHAPE_Leng": 774.99619147600004, "SHAPE_Area": 3325.1469672500002, "area_m2": 3325.0329511741966, "area_ha": 0.33 }, "geometry": { "type": "Polygon", "coordinates": [ [ [ 118.781207220605765, 32.030450589134944 ], [ 118.781174596914497, 32.030376316348047 ], [ 118.78059842279059, 32.030530623647493 ], [ 118.78001973102451, 32.030663431644236 ], [ 118.779447334721723, 32.030743811728726 ], [ 118.779060135776973, 32.030797342467956 ], [ 118.778765757774707, 32.03082075084717 ], [ 118.778383779037384, 32.030902959079661 ], [ 118.777928200924507, 32.031044101305866 ], [ 118.777486304713392, 32.031209232128681 ], [ 118.777331464461639, 32.031269769520684 ], [ 118.777369558401361, 32.031353638787607 ], [ 118.777606146877133, 32.03125333149265 ], [ 118.778205524673169, 32.031039617046765 ], [ 118.778554059075262, 32.030945157565867 ], [ 118.778767323436895, 32.030913811583908 ], [ 118.77918828463973, 32.03084867720235 ], [ 118.779813855598817, 32.030771196857827 ], [ 118.780695547029694, 32.030598359073977 ], [ 118.781207220605765, 32.030450589134944 ] ] ] } },
{ "type": "Feature", "properties": { "OBJECTID": 2328, "type": null, "Time_": null, "Name": null, "Descriptio": null, "SHAPE_Leng": 673.31668847499998, "SHAPE_Area": 3405.5633770200002, "area_m2": 3405.4466044024766, "area_ha": 0.34 }, "geometry": { "type": "Polygon", "coordinates": [ [ [ 118.773141606267984, 32.032640921252366 ], [ 118.773104175570666, 32.032560039150539 ], [ 118.772889497199799, 32.032644446329705 ], [ 118.772492796094951, 32.032727091032548 ], [ 118.771857110642088, 32.032878992031428 ], [ 118.771455752898731, 32.033048073031864 ], [ 118.771095403691902, 32.033292104384778 ], [ 118.770557996839486, 32.033686511776779 ], [ 118.770123614077775, 32.033968592205753 ], [ 118.770182086593735, 32.034046697294592 ], [ 118.770393707778069, 32.033929461006686 ], [ 118.770528001217642, 32.033835331926525 ], [ 118.770977180386566, 32.033493749996069 ], [ 118.771200256559197, 32.033305050235228 ], [ 118.771433077756711, 32.033173106058975 ], [ 118.771633796912539, 32.03308558420261 ], [ 118.772052298991639, 32.032943509844493 ], [ 118.772674180964742, 32.032776561791451 ], [ 118.773007755675692, 32.032702253300258 ], [ 118.773141606267984, 32.032640921252366 ] ] ] } },
{ "type": "Feature", "properties": { "OBJECTID": 2329, "type": null, "Time_": null, "Name": null, "Descriptio": null, "SHAPE_Leng": 234.19339047599999, "SHAPE_Area": 1088.4315882400001, "area_m2": 1088.3942672353949, "area_ha": 0.11 }, "geometry": { "type": "Polygon", "coordinates": [ [ [ 118.768520046268762, 32.035200190164325 ], [ 118.76846782841092, 32.035125723966431 ], [ 118.76821215132702, 32.035395218718676 ], [ 118.768166385862855, 32.035466347131958 ], [ 118.768128606830672, 32.035568568268452 ], [ 118.768084684538877, 32.035711287614603 ], [ 118.767899429740339, 32.035950450784604 ], [ 118.767948878923121, 32.036022504383503 ], [ 118.76810195466274, 32.035885617577868 ], [ 118.768142055326436, 32.035819205091812 ], [ 118.768165002051546, 32.035778870130116 ], [ 118.768171274028148, 32.03572882947747 ], [ 118.768194411305799, 32.035674181748938 ], [ 118.768231583447658, 32.035617284452918 ], [ 118.768272003282107, 32.035527017634209 ], [ 118.768314808425231, 32.035467789117192 ], [ 118.7683667806795, 32.035351391186282 ], [ 118.768520046268762, 32.035200190164325 ] ] ] } },
{ "type": "Feature", "properties": { "OBJECTID": 2330, "type": null, "Time_": null, "Name": null, "Descriptio": null, "SHAPE_Leng": 368.919321078, "SHAPE_Area": 2054.17623946, "area_m2": 2054.105804700981, "area_ha": 0.21 }, "geometry": { "type": "Polygon", "coordinates": [ [ [ 118.770069371219435, 32.034115388030834 ], [ 118.769997869913055, 32.034016877075828 ], [ 118.769141857357624, 32.034569226634574 ], [ 118.768610115721515, 32.034957716551858 ], [ 118.768639131857384, 32.035091601731942 ], [ 118.76883169820394, 32.034933624245113 ], [ 118.769094656777696, 32.034747701548014 ], [ 118.769603449462736, 32.03439954566587 ], [ 118.770069371219435, 32.034115388030834 ] ] ] } },
{ "type": "Feature", "properties": { "OBJECTID": 2806, "type": null, "Time_": null, "Name": null, "Descriptio": null, "SHAPE_Leng": 40.488721034400001, "SHAPE_Area": 119.786266035, "area_m2": 119.78215865768233, "area_ha": 0.01 }, "geometry": { "type": "Polygon", "coordinates": [ [ [ 118.764530492829081, 32.021005763103851 ], [ 118.764480237540766, 32.020994537741338 ], [ 118.76444234168531, 32.021001326296108 ], [ 118.764399910460909, 32.021033120132941 ], [ 118.764399574226559, 32.021058168143263 ], [ 118.764432693522707, 32.021094276966508 ], [ 118.764478652577395, 32.021112618259536 ], [ 118.764529628335126, 32.02107017098848 ], [ 118.764534164736247, 32.021045164798295 ], [ 118.764530492829081, 32.021005763103851 ] ] ] } },
{ "type": "Feature", "properties": { "OBJECTID": 2807, "type": null, "Time_": null, "Name": null, "Descriptio": null, "SHAPE_Leng": 60.938184782999997, "SHAPE_Area": 268.53788404900001, "area_m2": 268.52867608366438, "area_ha": 0.03 }, "geometry": { "type": "Polygon", "coordinates": [ [ [ 118.768102174781163, 32.021834655789881 ], [ 118.768046431032005, 32.021815027779304 ], [ 118.767990430810343, 32.021814483741693 ], [ 118.767962238590272, 32.021828524488328 ], [ 118.767956000698177, 32.021876179655429 ], [ 118.767955425951513, 32.021919117994337 ], [ 118.767993603451799, 32.021995833951472 ], [ 118.768066339918676, 32.022001312423413 ], [ 118.768089059543314, 32.021977674796616 ], [ 118.768123170339081, 32.021939834081593 ], [ 118.768123745007941, 32.021896895740142 ], [ 118.768102174781163, 32.021834655789881 ] ] ] } }
]
}
