{
"type": "FeatureCollection",
"name": "nj1950water",
"crs": { "type": "name", "properties": { "name": "urn:ogc:def:crs:OGC:1.3:CRS84" } },
"features": [
{ "type": "Feature", "properties": { "OBJECTID": 470, "SHAPE_Leng": 75.200525685700001, "SHAPE_Area": 412.75607714, "len_km": null, "area_ha": "0.04" }, "geometry": { "type": "Polygon", "coordinates": [ [ [ 118.78536504928995, 32.010826644420376 ], [ 118.785328056840726, 32.010765452438875 ], [ 118.785248265294214, 32.010764688282677 ], [ 118.785214385956493, 32.01078583631741 ], [ 118.78518003455153, 32.010842766133941 ], [ 118.785178807191329, 32.010935800413257 ], [ 118.78520749550205, 32.010989755099594 ], [ 118.78529974394732, 32.011001374386346 ], [ 118.785367502719666, 32.010959079167733 ], [ 118.785389302962443, 32.010898450207527 ], [ 118.78536504928995, 32.010826644420376 ] ] ] } },
{ "type": "Feature", "properties": { "OBJECTID": 471, "SHAPE_Leng": 144.39636216, "SHAPE_Area": 1169.51508975, "len_km": null, "area_ha": "0.12" }, "geometry": { "type": "Polygon", "coordinates": [ [ [ 118.786411155887194, 32.010804450530237 ], [ 118.786323248744338, 32.010782136886242 ], [ 118.786285452838754, 32.010781775221183 ], [ 118.786222083047932, 32.010809798232685 ], [ 118.786213071386868, 32.010856235020441 ], [ 118.786224584879733, 32.010938654543232 ], [ 118.786223452895456, 32.011024532857043 ], [ 118.78622203792915, 32.011131879169845 ], [ 118.786237421089055, 32.011239387133294 ], [ 118.78627026275305, 32.011296960235015 ], [ 118.786375204334405, 32.011301543305777 ], [ 118.786434611472444, 32.011255588700195 ], [ 118.786473019551423, 32.011209433155976 ], [ 118.786486373442557, 32.011152302089876 ], [ 118.786453767476914, 32.011076837686616 ], [ 118.786437582408283, 32.011030159804896 ], [ 118.786438101135175, 32.010990799546732 ], [ 118.786451878365369, 32.010901464214001 ], [ 118.786435834793693, 32.010844051879367 ], [ 118.786411155887194, 32.010804450530237 ] ] ] } },
{ "type": "Feature", "properties": { "OBJECTID": 472, "SHAPE_Leng": 96.582639765699994, "SHAPE_Area": 545.30144782800005, "len_km": null, "area_ha": "0.05" }, "geometry": { "type": "Polygon", "coordinates": [ [ [ 118.787420703824381, 32.011325857484785 ], [ 118.787387154610926, 32.011321957841062 ], [ 118.787315573639049, 32.011335588184309 ], [ 118.787230545988706, 32.011413506555684 ], [ 118.787200300068406, 32.011477633088312 ], [ 118.787223989793702, 32.011592378176317 ], [ 118.787265466420493, 32.011632139982645 ], [ 118.787344834666726, 32.011665107153426 ], [ 118.787396218905641, 32.011590445972523 ], [ 118.787384421576036, 32.011529495446297 ], [ 118.787385034156898, 32.011482978273094 ], [ 118.787410890601947, 32.011433124439314 ], [ 118.787428395591917, 32.011379610954258 ], [ 118.787420703824381, 32.011325857484785 ] ] ] } },
{ "type": "Feature", "properties": { "OBJECTID": 473, "SHAPE_Leng": 232.4157309, "SHAPE_Area": 2859.7581790099998, "len_km": null, "area_ha": "0.29" }, "geometry": { "type": "Polygon", "coordinates": [ [ [ 118.787641038796892, 32.01022215026574 ], [ 118.787553037647442, 32.010206994384852 ], [ 118.787489903142003, 32.01021712667788 ], [ 118.78743068672901, 32.010248768914629 ], [ 118.787383738663422, 32.010305578932616 ], [ 118.787366091457798, 32.01036982687134 ], [ 118.787323107454213, 32.010444567475247 ], [ 118.787310226473238, 32.01046591683955 ], [ 118.787182968427032, 32.010561324144589 ], [ 118.787143947238377, 32.010653997089214 ], [ 118.787151262815058, 32.010736377302493 ], [ 118.787150461629054, 32.010797206482941 ], [ 118.78713743811214, 32.010829290271261 ], [ 118.787085771315233, 32.010925421172331 ], [ 118.787093605311327, 32.010968440215358 ], [ 118.787177313056119, 32.010990712273532 ], [ 118.787274231774404, 32.01096658846069 ], [ 118.787342178137081, 32.0109099792558 ], [ 118.787397384762841, 32.010863984025292 ], [ 118.787498833944454, 32.01081485283148 ], [ 118.787574801672847, 32.010786948697032 ], [ 118.787618069373352, 32.010690738204886 ], [ 118.7876275985208, 32.010604941020389 ], [ 118.787628305183205, 32.010551266930158 ], [ 118.787658550482689, 32.010487140271529 ], [ 118.787684830468109, 32.010405081186924 ], [ 118.787711111450733, 32.010323023006428 ], [ 118.78771172383793, 32.010276505818737 ], [ 118.787695349825128, 32.010244140991119 ], [ 118.787641038796892, 32.01022215026574 ] ] ] } },
{ "type": "Feature", "properties": { "OBJECTID": 474, "SHAPE_Leng": 282.813608456, "SHAPE_Area": 2632.0013400500002, "len_km": null, "area_ha": "0.26" }, "geometry": { "type": "Polygon", "coordinates": [ [ [ 118.788684476884129, 32.011807098557128 ], [ 118.788579958229747, 32.011770313101721 ], [ 118.788482991872584, 32.011798017252161 ], [ 118.788419526787735, 32.011833197351621 ], [ 118.788422784985386, 32.011904802028496 ], [ 118.788447276713867, 32.011958716821169 ], [ 118.78859709615233, 32.012063929714166 ], [ 118.788776171547227, 32.012180157628094 ], [ 118.788778535724731, 32.012319748408729 ], [ 118.788714647783181, 32.012387133836597 ], [ 118.788541616829008, 32.012449896990809 ], [ 118.788601362235255, 32.012697397503281 ], [ 118.7886563810562, 32.012665714659335 ], [ 118.788673556064424, 32.012637249271521 ], [ 118.78871234127584, 32.012562467232456 ], [ 118.788763348393005, 32.012516431317025 ], [ 118.788856257816292, 32.012477953319809 ], [ 118.78893222653825, 32.01245004930454 ], [ 118.788987245099506, 32.012418366309397 ], [ 118.789013619690905, 32.01232915096238 ], [ 118.789015172655809, 32.012211069197029 ], [ 118.789007855323192, 32.01212868996776 ], [ 118.78897534107719, 32.012046069257032 ], [ 118.788842460703165, 32.011930282749887 ], [ 118.788792865988725, 32.011868971407928 ], [ 118.788684476884129, 32.011807098557128 ] ] ] } },
{ "type": "Feature", "properties": { "OBJECTID": 475, "SHAPE_Leng": 201.55720843, "SHAPE_Area": 1823.0995062300001, "len_km": null, "area_ha": "0.18" }, "geometry": { "type": "Polygon", "coordinates": [ [ [ 118.788812431418904, 32.009735705011316 ], [ 118.788731901971659, 32.009727301198566 ], [ 118.788646641360614, 32.009737938739491 ], [ 118.788572328974581, 32.009767767376026 ], [ 118.78849809186157, 32.00979187080096 ], [ 118.788412832226882, 32.009802508192578 ], [ 118.78835230852448, 32.009805747005871 ], [ 118.788264959459909, 32.00980491256631 ], [ 118.788184329557438, 32.009804142261018 ], [ 118.788166412154439, 32.009803971078476 ], [ 118.788121491491964, 32.009813084738518 ], [ 118.788090060424608, 32.009818510315135 ], [ 118.788024380518749, 32.00987323357819 ], [ 118.787988042287608, 32.00991105862439 ], [ 118.787962977629505, 32.009943266402885 ], [ 118.78796255062889, 32.009975708706456 ], [ 118.788051386438383, 32.010033816417909 ], [ 118.788138534790306, 32.010049918719503 ], [ 118.788194478056624, 32.010054270163117 ], [ 118.788273095162324, 32.010037843579354 ], [ 118.788320531165695, 32.010007758380453 ], [ 118.788394818711751, 32.009979838588642 ], [ 118.78847554920749, 32.009972974908017 ], [ 118.788607994876969, 32.009951336368097 ], [ 118.788720156404935, 32.009939047727677 ], [ 118.788796533253233, 32.00992259942236 ], [ 118.788843843537492, 32.009902055666522 ], [ 118.788871372776939, 32.009852694484415 ], [ 118.788869760182024, 32.009804963065612 ], [ 118.788845650702839, 32.009764651648574 ], [ 118.788812431418904, 32.009735705011316 ] ] ] } },
{ "type": "Feature", "properties": { "OBJECTID": 476, "SHAPE_Leng": 127.85900285300001, "SHAPE_Area": 755.27862205300005, "len_km": null, "area_ha": "0.08" }, "geometry": { "type": "Polygon", "coordinates": [ [ [ 118.787972257479012, 32.015454051404831 ], [ 118.787913868983495, 32.015422478064465 ], [ 118.78788008270817, 32.0154364698679 ], [ 118.78781537294465, 32.01545970894125 ], [ 118.787753336442947, 32.015492517267987 ], [ 118.787730498827656, 32.015525700248787 ], [ 118.787690735553596, 32.015568264271799 ], [ 118.787667614136822, 32.015622916127882 ], [ 118.787641819392945, 32.015667999591017 ], [ 118.78762436074885, 32.015717934603053 ], [ 118.787621058135571, 32.015756075266367 ], [ 118.787623449767224, 32.015787113463141 ], [ 118.787634177535935, 32.015823003214329 ], [ 118.787656168190338, 32.015854227858568 ], [ 118.787692629007637, 32.015849805418597 ], [ 118.787737771489745, 32.015823993449629 ], [ 118.787803580841455, 32.015717261758134 ], [ 118.787838372278628, 32.015626934211184 ], [ 118.78790937309094, 32.015551267412334 ], [ 118.787985345706659, 32.015523364057003 ], [ 118.788005384290841, 32.015490154280691 ], [ 118.787972257479012, 32.015454051404831 ] ] ] } },
{ "type": "Feature", "properties": { "OBJECTID": 477, "SHAPE_Leng": 250.525882096, "SHAPE_Area": 3028.6817138299998, "len_km": null, "area_ha": "0.3" }, "geometry": { "type": "Polygon", "coordinates": [ [ [ 118.788758710142432, 32.019049193667875 ], [ 118.788755995236372, 32.018989523021133 ], [ 118.788721741520519, 32.018932533111339 ], [ 118.788680526824677, 32.018872494739739 ], [ 118.788645998530967, 32.018836377748258 ], [ 118.788611862645027, 32.018770443038704 ], [ 118.788613000583851, 32.018683968796303 ], [ 118.788617835351687, 32.018582619135572 ], [ 118.78861897327667, 32.018496144890435 ], [ 118.788602493447144, 32.018418450060537 ], [ 118.788544564913039, 32.018298607271966 ], [ 118.788496194490307, 32.018250429249861 ], [ 118.788437049635036, 32.018223023841266 ], [ 118.78839862963774, 32.018216692867497 ], [ 118.788286632721878, 32.018215622846654 ], [ 118.788223360364952, 32.018235893859 ], [ 118.788159812152387, 32.018277037764449 ], [ 118.788131420895496, 32.018306588828139 ], [ 118.788113175055656, 32.018363077226624 ], [ 118.788122850507975, 32.018425796365236 ], [ 118.788181759886285, 32.01847109236364 ], [ 118.788226277402487, 32.018546074081819 ], [ 118.788264266820846, 32.018585206220472 ], [ 118.78830170572833, 32.018666084209009 ], [ 118.788321292446724, 32.018773631113646 ], [ 118.788348231626074, 32.018854408770117 ], [ 118.788378593010364, 32.018941183948016 ], [ 118.788482884171174, 32.018995860170278 ], [ 118.788562911544531, 32.019032411839525 ], [ 118.788639909188603, 32.01903314732958 ], [ 118.788709554494645, 32.01906065294186 ], [ 118.788758710142432, 32.019049193667875 ] ] ] } },
{ "type": "Feature", "properties": { "OBJECTID": 478, "SHAPE_Leng": 348.62834256600001, "SHAPE_Area": 3794.4593363200001, "len_km": null, "area_ha": "0.38" }, "geometry": { "type": "Polygon", "coordinates": [ [ [ 118.787961678865301, 32.020458139155146 ], [ 118.787923075704782, 32.020412440198754 ], [ 118.787853704489777, 32.020364062116215 ], [ 118.787767282236132, 32.020334605760148 ], [ 118.78765292352756, 32.020300112221342 ], [ 118.787572321619322, 32.02025401165421 ], [ 118.787550644206661, 32.020198931576715 ], [ 118.787548346802907, 32.020160736502518 ], [ 118.787549477940502, 32.020074859171913 ], [ 118.787589683170168, 32.019998898230952 ], [ 118.787643699430745, 32.019937383998446 ], [ 118.787694601314939, 32.01989969839029 ], [ 118.787759722659644, 32.019845448059662 ], [ 118.787774570445862, 32.019781173422139 ], [ 118.787738768838153, 32.019735501189871 ], [ 118.787691514370067, 32.019708806022507 ], [ 118.787626927190075, 32.019722503283433 ], [ 118.787562025798891, 32.019760055025976 ], [ 118.787419922506643, 32.019918543912745 ], [ 118.787332149488975, 32.019991664019635 ], [ 118.787273129843925, 32.020007800266114 ], [ 118.787220024734737, 32.020000135530061 ], [ 118.787080466527655, 32.019965399591392 ], [ 118.786963025506182, 32.019952347542819 ], [ 118.78687031203539, 32.019975318203009 ], [ 118.786810633150324, 32.020041549790406 ], [ 118.786818309395741, 32.020096496049298 ], [ 118.786853765908418, 32.020168408679503 ], [ 118.786917567580375, 32.020214348994699 ], [ 118.787029283958191, 32.020236890062797 ], [ 118.787101486196718, 32.0202829106357 ], [ 118.787206565248141, 32.020384118410263 ], [ 118.787242462178639, 32.020422633904168 ], [ 118.787410460458673, 32.020424240369628 ], [ 118.787522616072494, 32.020413383963572 ], [ 118.787609415358844, 32.020414213808245 ], [ 118.787676458644668, 32.020426783493392 ], [ 118.787846817319519, 32.020461813190984 ], [ 118.787961678865301, 32.020458139155146 ] ] ] } },
{ "type": "Feature", "properties": { "OBJECTID": 479, "SHAPE_Leng": 267.49023119200001, "SHAPE_Area": 3167.4992389600002, "len_km": null, "area_ha": "0.32" }, "geometry": { "type": "Polygon", "coordinates": [ [ [ 118.789664432830193, 32.019743754281549 ], [ 118.78964564849386, 32.01968154435297 ], [ 118.789604150560564, 32.01964297606709 ], [ 118.789545603090644, 32.019623330696312 ], [ 118.789489384163346, 32.019639494717133 ], [ 118.789449651215165, 32.01967967360752 ], [ 118.789441000920064, 32.019698677597738 ], [ 118.789390695904828, 32.019691040499232 ], [ 118.789309810190815, 32.019666409911444 ], [ 118.78925390495283, 32.019658719295691 ], [ 118.789205866708173, 32.019691661017681 ], [ 118.789188345309398, 32.019746367482639 ], [ 118.789193129761443, 32.019808442908143 ], [ 118.789259199130214, 32.019894962766806 ], [ 118.789314728017715, 32.019931279180007 ], [ 118.789360695711991, 32.020055779302098 ], [ 118.789365637154532, 32.020105927456562 ], [ 118.789417738610695, 32.020189927959322 ], [ 118.789469934278728, 32.020266771541998 ], [ 118.789505454635318, 32.020333912204528 ], [ 118.789524270366073, 32.020393736515238 ], [ 118.789559509541633, 32.020482346971747 ], [ 118.789612113267708, 32.020528179069373 ], [ 118.78966251285236, 32.020528660092168 ], [ 118.789701869706875, 32.020517106945015 ], [ 118.789741571567262, 32.020479312718841 ], [ 118.789752959299619, 32.020465106700264 ], [ 118.789761924297949, 32.020422248169425 ], [ 118.789793351079666, 32.020374833026665 ], [ 118.789821914977054, 32.02033216061804 ], [ 118.789822730376088, 32.020270138652144 ], [ 118.789792620873996, 32.020217363504301 ], [ 118.789765186087664, 32.020174157606284 ], [ 118.789692637536817, 32.020154378684744 ], [ 118.789665107654741, 32.020118329656789 ], [ 118.789676810071555, 32.02008026821958 ], [ 118.789699867725361, 32.020030387290042 ], [ 118.789714683890608, 32.019968498038381 ], [ 118.789712699227763, 32.019906448446747 ], [ 118.789674252225439, 32.019848822737295 ], [ 118.789671891208656, 32.01981539894544 ], [ 118.789664432830193, 32.019743754281549 ] ] ] } },
{ "type": "Feature", "properties": { "OBJECTID": 480, "SHAPE_Leng": 90.197487023700006, "SHAPE_Area": 482.54270011199998, "len_km": null, "area_ha": "0.05" }, "geometry": { "type": "Polygon", "coordinates": [ [ [ 118.791334464208802, 32.020899194071944 ], [ 118.791306715258571, 32.020879843033235 ], [ 118.791231052362662, 32.020883893728779 ], [ 118.791160958475245, 32.020890382495672 ], [ 118.791151838479749, 32.02094516931998 ], [ 118.791153792794105, 32.021009603636379 ], [ 118.791158702849629, 32.021062138264767 ], [ 118.791256672221834, 32.021065458030357 ], [ 118.791449872410269, 32.021067299369811 ], [ 118.791466954268415, 32.021045989660536 ], [ 118.791456567917393, 32.020983860021381 ], [ 118.791417650611635, 32.020962017541095 ], [ 118.791367281023412, 32.020959151565123 ], [ 118.791334464208802, 32.020899194071944 ] ] ] } },
{ "type": "Feature", "properties": { "OBJECTID": 481, "SHAPE_Leng": 117.743383321, "SHAPE_Area": 786.886626761, "len_km": null, "area_ha": "0.08" }, "geometry": { "type": "Polygon", "coordinates": [ [ [ 118.792030880775087, 32.020965474336101 ], [ 118.792000926303615, 32.02090077240679 ], [ 118.791987208278456, 32.020879170135267 ], [ 118.791948195910237, 32.020864483809632 ], [ 118.79193407091185, 32.020873892086357 ], [ 118.791883358008732, 32.020897266510488 ], [ 118.791835475490217, 32.020918282846935 ], [ 118.791790644673014, 32.02092024167348 ], [ 118.791732094840697, 32.020900597274796 ], [ 118.791684683066208, 32.020885830841131 ], [ 118.791637052097101, 32.020887762933405 ], [ 118.791619845048274, 32.020918614306062 ], [ 118.791613743659312, 32.020956728397017 ], [ 118.791652192335278, 32.02101435354961 ], [ 118.791719079044057, 32.021038849285148 ], [ 118.791757934885439, 32.021065462955406 ], [ 118.791810884482459, 32.021085053989289 ], [ 118.79186109655322, 32.021099847054856 ], [ 118.791914171435465, 32.02110989550598 ], [ 118.791983827164358, 32.021136802513801 ], [ 118.792017583666649, 32.021125195300449 ], [ 118.792031896529437, 32.021101474105592 ], [ 118.79204353444085, 32.021068183695263 ], [ 118.792043972716982, 32.021034786604424 ], [ 118.792038843005699, 32.020998951444916 ], [ 118.792030880775087, 32.020965474336101 ] ] ] } },
{ "type": "Feature", "properties": { "OBJECTID": 482, "SHAPE_Leng": 66.302901025799997, "SHAPE_Area": 306.72467837599999, "len_km": null, "area_ha": "0.03" }, "geometry": { "type": "Polygon", "coordinates": [ [ [ 118.791820344169793, 32.021431082805286 ], [ 118.791772900795038, 32.021418702033671 ], [ 118.791747261819978, 32.021451859018278 ], [ 118.791724203822966, 32.021501740317554 ], [ 118.791720809726499, 32.021547038004712 ], [ 118.791714426493712, 32.021606621908333 ], [ 118.79176743901823, 32.021621441696475 ], [ 118.791792450726376, 32.021635994691898 ], [ 118.791834639316207, 32.021622081933238 ], [ 118.791862952189604, 32.021598494138715 ], [ 118.791880190604829, 32.02156525710248 ], [ 118.791908629752044, 32.021532126767006 ], [ 118.791895287374345, 32.021481898669144 ], [ 118.791867630997004, 32.021455391734335 ], [ 118.791820344169793, 32.021431082805286 ] ] ] } },
{ "type": "Feature", "properties": { "OBJECTID": 483, "SHAPE_Leng": 138.320126579, "SHAPE_Area": 884.05254962399999, "len_km": null, "area_ha": "0.09" }, "geometry": { "type": "Polygon", "coordinates": [ [ [ 118.790091971729495, 32.021898919181318 ], [ 118.790041602734888, 32.02189605357929 ], [ 118.790010238243084, 32.021938698398131 ], [ 118.790008983887006, 32.022034117412623 ], [ 118.79003069452898, 32.022086812369395 ], [ 118.790049353076583, 32.022158563856969 ], [ 118.790081951018493, 32.022235220201928 ], [ 118.790089347152545, 32.022311635191201 ], [ 118.79011112061869, 32.022359558868438 ], [ 118.790135693259543, 32.022407509247657 ], [ 118.790180149614855, 32.022434176829776 ], [ 118.79021101252944, 32.022429700301743 ], [ 118.790256220335422, 32.022399116257795 ], [ 118.790276385099418, 32.022356364543121 ], [ 118.790274180590757, 32.022311013503817 ], [ 118.790263733283126, 32.022253655071971 ], [ 118.790228241981666, 32.022184128065078 ], [ 118.790209049214866, 32.022152929651121 ], [ 118.790209456818971, 32.022121918221899 ], [ 118.790204171009705, 32.022098010274952 ], [ 118.790201903826414, 32.022057430500176 ], [ 118.790191267403415, 32.022014384950033 ], [ 118.790166600772466, 32.021973590578774 ], [ 118.790133533561516, 32.021932716959121 ], [ 118.790091971729495, 32.021898919181318 ] ] ] } },
{ "type": "Feature", "properties": { "OBJECTID": 484, "SHAPE_Leng": 462.57028156000001, "SHAPE_Area": 7034.3791063400004, "len_km": null, "area_ha": "0.7" }, "geometry": { "type": "Polygon", "coordinates": [ [ [ 118.78938275505881, 32.021519490800735 ], [ 118.789463370154209, 32.02152216928117 ], [ 118.789545849168945, 32.021553494886483 ], [ 118.78959034779902, 32.021576823129067 ], [ 118.789683976411339, 32.021612072015756 ], [ 118.789752789703059, 32.021660444693183 ], [ 118.789819513261492, 32.021697344735941 ], [ 118.789886287037291, 32.02173042917422 ], [ 118.789939721148514, 32.021755751488165 ], [ 118.789995420745925, 32.0217791864699 ], [ 118.790073846971936, 32.02177802582775 ], [ 118.790139383911864, 32.021734753002505 ], [ 118.790151260895612, 32.021683332515181 ], [ 118.7901521137413, 32.021618447975193 ], [ 118.790154045201604, 32.021471501610911 ], [ 118.790161768561049, 32.021395229957882 ], [ 118.790192318673476, 32.021286729730924 ], [ 118.790215697237528, 32.021212516346651 ], [ 118.790267919128681, 32.021159572690607 ], [ 118.790359249838261, 32.021028748693176 ], [ 118.790402537356314, 32.020973810829368 ], [ 118.790399235331904, 32.020884074208013 ], [ 118.79037330843552, 32.020811298515326 ], [ 118.79035143590896, 32.020771008735544 ], [ 118.790298102553294, 32.020738053656068 ], [ 118.790235507974685, 32.020727912819062 ], [ 118.790190682445669, 32.020729394124871 ], [ 118.790130052299716, 32.020740267464348 ], [ 118.790067006202563, 32.020764478407287 ], [ 118.790017074951834, 32.020813625987749 ], [ 118.789979704484722, 32.020929695907348 ], [ 118.789924665201042, 32.021026510658196 ], [ 118.78985127859174, 32.021155597543164 ], [ 118.789736210710316, 32.021217484096695 ], [ 118.789606039502985, 32.021235328297522 ], [ 118.789478259198177, 32.021241742530357 ], [ 118.789280586724274, 32.021281845548458 ], [ 118.789179184255943, 32.021326684421304 ], [ 118.789059785653734, 32.021377077246363 ], [ 118.788980632697459, 32.021433581067321 ], [ 118.788891615329348, 32.021558700244682 ], [ 118.788845358064961, 32.021668959043417 ], [ 118.78883750803422, 32.021754772212915 ], [ 118.78885072209944, 32.021772076044002 ], [ 118.788888702549968, 32.021780073576025 ], [ 118.78891563291387, 32.021776512913959 ], [ 118.788949659932072, 32.021744391538661 ], [ 118.789003922338154, 32.021706737514201 ], [ 118.789053780367169, 32.021663314630317 ], [ 118.789117002008979, 32.021625746106714 ], [ 118.789171138760395, 32.021597633635167 ], [ 118.789229831506631, 32.021563838761914 ], [ 118.789306368610397, 32.021535939196262 ], [ 118.78938275505881, 32.021519490800735 ] ] ] } },
{ "type": "Feature", "properties": { "OBJECTID": 485, "SHAPE_Leng": 668.457048687, "SHAPE_Area": 13179.962162899999, "len_km": null, "area_ha": "1.32" }, "geometry": { "type": "Polygon", "coordinates": [ [ [ 118.791984774814622, 32.02290596111596 ], [ 118.792062559528475, 32.022847057358682 ], [ 118.792053194095985, 32.022760483041452 ], [ 118.791974101338894, 32.022652368952549 ], [ 118.791849116484485, 32.022573639964428 ], [ 118.791783085775279, 32.022537224580681 ], [ 118.791720906102114, 32.022474005464062 ], [ 118.7916310016018, 32.022389645675879 ], [ 118.791513644325391, 32.022263273994419 ], [ 118.791479935845757, 32.022164538890195 ], [ 118.791477609605977, 32.022075049648059 ], [ 118.791509893301296, 32.022015712588335 ], [ 118.791534784962963, 32.021986127436193 ], [ 118.791556294336459, 32.021947563250222 ], [ 118.79162361636098, 32.021885578078177 ], [ 118.791652400178393, 32.021826207628635 ], [ 118.791653339663839, 32.021754643096664 ], [ 118.791615896612655, 32.021673766033395 ], [ 118.791522100712015, 32.021619191450931 ], [ 118.791480217455657, 32.02160984551977 ], [ 118.791371442970245, 32.021629684433357 ], [ 118.791245050312199, 32.021658302121118 ], [ 118.791038274363189, 32.021677207491791 ], [ 118.790933312778719, 32.02167322394947 ], [ 118.790765938784261, 32.021623912120731 ], [ 118.790657869335504, 32.021590077262026 ], [ 118.790545750678262, 32.02159795481186 ], [ 118.790482476430469, 32.021618226896159 ], [ 118.790446770883733, 32.021671567122489 ], [ 118.790403516232942, 32.021766585545961 ], [ 118.790384723468918, 32.021864820150633 ], [ 118.790376547377278, 32.021954209222777 ], [ 118.790396372210211, 32.022043865381129 ], [ 118.79045465804262, 32.022136870347126 ], [ 118.790531385121284, 32.02215847770325 ], [ 118.790594463828, 32.02215311536429 ], [ 118.790682435565714, 32.022118167125591 ], [ 118.790743033072957, 32.022035242749119 ], [ 118.790820542536139, 32.021997212680908 ], [ 118.790880278092317, 32.021979888656844 ], [ 118.79099927913407, 32.021981023229664 ], [ 118.791034044507512, 32.02199924826067 ], [ 118.791107193579663, 32.022026785088578 ], [ 118.791137988258498, 32.022080759427809 ], [ 118.791150930835926, 32.022161403074954 ], [ 118.791160608678169, 32.022224122005518 ], [ 118.791149677651347, 32.022256822126337 ], [ 118.791103433868088, 32.022313044043017 ], [ 118.79102600152504, 32.022345110183807 ], [ 118.790917265246861, 32.022361967090383 ], [ 118.790826302871722, 32.022358117822968 ], [ 118.790763459074199, 32.022345589824681 ], [ 118.790682957808002, 32.022344822171945 ], [ 118.790658379211621, 32.022350551712037 ], [ 118.790584289692049, 32.022394579120807 ], [ 118.790562506593957, 32.022454016077127 ], [ 118.790585948984841, 32.022534759909135 ], [ 118.790716991907289, 32.022685121359935 ], [ 118.79072686538548, 32.022732930554156 ], [ 118.790774925872029, 32.022804963211883 ], [ 118.7908686833389, 32.022862519045383 ], [ 118.790955950607952, 32.022881244686644 ], [ 118.791099766526187, 32.022858758247651 ], [ 118.791229699806848, 32.022827191617985 ], [ 118.79133470189241, 32.022828192453467 ], [ 118.791470695941086, 32.022868257712972 ], [ 118.791522844117921, 32.022895595069038 ], [ 118.791596071281532, 32.022917168438205 ], [ 118.791690377422611, 32.022932978685731 ], [ 118.791805605981551, 32.022954952132984 ], [ 118.791921421680811, 32.022932197084629 ], [ 118.791984774814622, 32.02290596111596 ] ] ] } },
{ "type": "Feature", "properties": { "OBJECTID": 658, "SHAPE_Leng": 52.6481842703, "SHAPE_Area": 205.84935451800001, "len_km": null, "area_ha": "0.02" }, "geometry": { "type": "Polygon", "coordinates": [ [ [ 118.767000703099285, 32.035995732213586 ], [ 118.766973050917997, 32.035969219987379 ], [ 118.766931012067658, 32.035971197050429 ], [ 118.766880220745477, 32.035999332269036 ], [ 118.766846072059352, 32.036039558031952 ], [ 118.766845528445685, 32.036080111551264 ], [ 118.766859147742522, 32.036108873234248 ], [ 118.76692623010041, 32.036119068458284 ], [ 118.766959995097849, 32.036107468158512 ], [ 118.767019347066594, 32.036067487472856 ], [ 118.767022691204531, 32.03602696118697 ], [ 118.767000703099285, 32.035995732213586 ] ] ] } },
{ "type": "Feature", "properties": { "OBJECTID": 659, "SHAPE_Leng": 318.93931740099998, "SHAPE_Area": 4998.9255658499997, "len_km": null, "area_ha": "0.5" }, "geometry": { "type": "Polygon", "coordinates": [ [ [ 118.765591738511986, 32.034338225255262 ], [ 118.765555461541098, 32.034328328379765 ], [ 118.7654993577233, 32.034334939872977 ], [ 118.76546269663973, 32.034353668447451 ], [ 118.765445318198104, 32.034396443955906 ], [ 118.765436181351475, 32.03445122750108 ], [ 118.765460583931429, 32.034511109465356 ], [ 118.765496188763137, 32.034571100500727 ], [ 118.765512190798631, 32.034630900659366 ], [ 118.765533569906552, 32.034707453696278 ], [ 118.765549475967163, 32.034774409768147 ], [ 118.76554571514086, 32.034845946187623 ], [ 118.765525376038354, 32.034900620663663 ], [ 118.765511086175295, 32.034921953887725 ], [ 118.765445524974083, 32.035007203152084 ], [ 118.765402814273656, 32.035059274746345 ], [ 118.765377003000793, 32.035104353137797 ], [ 118.765367864970386, 32.035159136658983 ], [ 118.765375306277946, 32.035230782153128 ], [ 118.765427937809292, 32.035274238485073 ], [ 118.765483048791026, 32.03534157721635 ], [ 118.765541281596683, 32.035385088042545 ], [ 118.765576758769214, 32.035454620580516 ], [ 118.765606986912474, 32.035497858709086 ], [ 118.765693575671477, 32.035515402248201 ], [ 118.765757984876544, 32.035516029288168 ], [ 118.765817049998589, 32.035497517830741 ], [ 118.765868033356625, 32.035455070299456 ], [ 118.765888180387051, 32.03541470850903 ], [ 118.765914216565562, 32.035352931677053 ], [ 118.765923449241768, 32.035290991280178 ], [ 118.765949901334082, 32.035198204255749 ], [ 118.765970623190796, 32.035114903319517 ], [ 118.765941898936759, 32.034959548967784 ], [ 118.765934874246597, 32.034856892418084 ], [ 118.765905446136131, 32.034754017800211 ], [ 118.765889986771967, 32.034653664161567 ], [ 118.765843852493603, 32.034543470058935 ], [ 118.765808119439399, 32.034493020641428 ], [ 118.765744511032807, 32.03443275708068 ], [ 118.76568347922364, 32.034389219099985 ], [ 118.765644753721304, 32.034353056015128 ], [ 118.765591738511986, 32.034338225255262 ] ] ] } },
{ "type": "Feature", "properties": { "OBJECTID": 660, "SHAPE_Leng": 199.36766861699999, "SHAPE_Area": 957.860933897, "len_km": null, "area_ha": "0.1" }, "geometry": { "type": "Polygon", "coordinates": [ [ [ 118.764997840011162, 32.033291647397924 ], [ 118.764941952944554, 32.033282157168486 ], [ 118.76490988832397, 32.033323595688827 ], [ 118.764898386175034, 32.033398038634139 ], [ 118.764896544789337, 32.033535202889475 ], [ 118.764895223788088, 32.033633603292429 ], [ 118.764875960721454, 32.033764633031879 ], [ 118.764874599658626, 32.033866014987545 ], [ 118.764862697078868, 32.033970276195518 ], [ 118.764889419323481, 32.03406596783374 ], [ 118.764903100719764, 32.034089958490405 ], [ 118.764930584670722, 32.034128995138921 ], [ 118.764990452712823, 32.034102738991749 ], [ 118.764991253272541, 32.03404310244099 ], [ 118.764982352907552, 32.033923727044787 ], [ 118.764979933524486, 32.033843183694962 ], [ 118.764981414554583, 32.033732856161706 ], [ 118.765000437311272, 32.033619716646982 ], [ 118.765012099515218, 32.033533346562677 ], [ 118.765027501985571, 32.033429118519102 ], [ 118.765035583972761, 32.03334867745113 ], [ 118.764997840011162, 32.033291647397924 ] ] ] } },
{ "type": "Feature", "properties": { "OBJECTID": 661, "SHAPE_Leng": 416.49121845500002, "SHAPE_Area": 9704.3850436899993, "len_km": null, "area_ha": "0.97" }, "geometry": { "type": "Polygon", "coordinates": [ [ [ 118.766027108296186, 32.032664668237729 ], [ 118.765937561655306, 32.032659024863392 ], [ 118.765847759036859, 32.03267246538519 ], [ 118.765805465696687, 32.03269352517021 ], [ 118.765745699419128, 32.03276451734493 ], [ 118.765696878001052, 32.032854700684915 ], [ 118.765693309423, 32.032911925293824 ], [ 118.765725953311332, 32.032983816139705 ], [ 118.765819724236835, 32.033092088087734 ], [ 118.765980544555589, 32.03321294216299 ], [ 118.766351632042642, 32.033526703901025 ], [ 118.766656505875289, 32.033765861511199 ], [ 118.766773801049297, 32.033790860748873 ], [ 118.766863061106321, 32.033817972229734 ], [ 118.766963778057331, 32.033826109520326 ], [ 118.76704791667504, 32.033817384081573 ], [ 118.767107012412666, 32.033796487277847 ], [ 118.767163498338718, 32.033761249554175 ], [ 118.767178076374435, 32.033718447463933 ], [ 118.767237362755495, 32.033683236935957 ], [ 118.767227951668573, 32.033549542067306 ], [ 118.767209339934297, 32.0334754021126 ], [ 118.767187735907314, 32.033415548575682 ], [ 118.767002222574121, 32.033256282968388 ], [ 118.766910865876284, 32.033176663680543 ], [ 118.766825238250377, 32.033087557274918 ], [ 118.766776303052708, 32.032977336238439 ], [ 118.766606601910595, 32.032892183753965 ], [ 118.76648650742041, 32.032867157142277 ], [ 118.766369245477719, 32.032839772960138 ], [ 118.766291155480531, 32.032815155752395 ], [ 118.766235661484373, 32.032776442860801 ], [ 118.766149587015448, 32.032720732725835 ], [ 118.766027108296186, 32.032664668237729 ] ] ] } },
{ "type": "Feature", "properties": { "OBJECTID": 662, "SHAPE_Leng": 169.69437799299999, "SHAPE_Area": 2004.4288691199999, "len_km": null, "area_ha": "0.2" }, "geometry": { "type": "Polygon", "coordinates": [ [ [ 118.765603732002276, 32.026693425940294 ], [ 118.765523307681534, 32.026686679101694 ], [ 118.765425262996018, 32.026688706509901 ], [ 118.765354739283396, 32.026726788821357 ], [ 118.765311776506707, 32.026797943617666 ], [ 118.765293195916854, 32.026878282567985 ], [ 118.765312837049223, 32.026979869144228 ], [ 118.765353598563962, 32.027072715512531 ], [ 118.765422762443009, 32.027136015294751 ], [ 118.765506127010724, 32.027184542640263 ], [ 118.765586151783438, 32.027221107814519 ], [ 118.765673537402307, 32.027230905235534 ], [ 118.765729819764815, 32.027210577636723 ], [ 118.76576518172665, 32.027184081581382 ], [ 118.765776602250654, 32.027115601571609 ], [ 118.765659175203581, 32.026735717471304 ], [ 118.765603732002276, 32.026693425940294 ] ] ] } },
{ "type": "Feature", "properties": { "OBJECTID": 663, "SHAPE_Leng": 307.57784881200001, "SHAPE_Area": 4806.9672729100002, "len_km": null, "area_ha": "0.48" }, "geometry": { "type": "Polygon", "coordinates": [ [ [ 118.765025089925004, 32.024683740452964 ], [ 118.765006250827568, 32.024522517185964 ], [ 118.764975189760463, 32.024489410506042 ], [ 118.764937009123017, 32.024465180330367 ], [ 118.764881007354688, 32.024464634879756 ], [ 118.764821025580304, 32.024499837657594 ], [ 118.764802884248326, 32.024547376675706 ], [ 118.764746763438694, 32.024555775858751 ], [ 118.764697921273608, 32.024543371363222 ], [ 118.764656641136199, 32.02448928959604 ], [ 118.764613181043416, 32.024336773174994 ], [ 118.764569160720214, 32.024226002202639 ], [ 118.764482459640178, 32.024165513053191 ], [ 118.764412578029862, 32.024155885408625 ], [ 118.764338595110146, 32.02419095063393 ], [ 118.764316674644746, 32.02425932821702 ], [ 118.764308713208905, 32.02433082377194 ], [ 118.764338813151298, 32.024435495282425 ], [ 118.764344331448925, 32.02454589115721 ], [ 118.764350010947709, 32.024644359895873 ], [ 118.764328626510732, 32.024933426891543 ], [ 118.764397387776583, 32.025026545507274 ], [ 118.764442088781308, 32.02508662549085 ], [ 118.764501270487116, 32.025111059533046 ], [ 118.764591913608257, 32.02513878291699 ], [ 118.764658416254193, 32.025139430801168 ], [ 118.764753359697053, 32.025107551537495 ], [ 118.764873484127008, 32.025025218897518 ], [ 118.764920146235596, 32.024939189597752 ], [ 118.764959607551731, 32.024867999901353 ], [ 118.765002809713593, 32.024778954917217 ], [ 118.765025089925004, 32.024683740452964 ] ] ] } },
{ "type": "Feature", "properties": { "OBJECTID": 664, "SHAPE_Leng": 158.359308946, "SHAPE_Area": 753.26188529700005, "len_km": null, "area_ha": "0.08" }, "geometry": { "type": "Polygon", "coordinates": [ [ [ 118.766250904564075, 32.024376575037813 ], [ 118.766202901713086, 32.024301552886008 ], [ 118.766142920543359, 32.024336755403802 ], [ 118.766138461351304, 32.02440828517166 ], [ 118.766141201587544, 32.02446497432954 ], [ 118.766091440839617, 32.024521152633639 ], [ 118.766105401058496, 32.024524270425438 ], [ 118.766140202196382, 32.024539519712135 ], [ 118.766171343651493, 32.024566662991568 ], [ 118.766233585589148, 32.024623931081102 ], [ 118.766270968277738, 32.024707796652613 ], [ 118.766297769586103, 32.024797524072682 ], [ 118.766314191464474, 32.02487820375017 ], [ 118.766380093369946, 32.024923578668343 ], [ 118.766418995069586, 32.024894134889209 ], [ 118.766395732330153, 32.024801459064328 ], [ 118.766372310808336, 32.024720711300624 ], [ 118.766352430137516, 32.024637016027633 ], [ 118.766321928117222, 32.024562164176373 ], [ 118.766308887219083, 32.024490463245506 ], [ 118.766250904564075, 32.024376575037813 ] ] ] } },
{ "type": "Feature", "properties": { "OBJECTID": 665, "SHAPE_Leng": 110.273924111, "SHAPE_Area": 548.25444925399995, "len_km": null, "area_ha": "0.05" }, "geometry": { "type": "Polygon", "coordinates": [ [ [ 118.764137167948292, 32.023357207282707 ], [ 118.764108072848131, 32.023355014806945 ], [ 118.764069967079053, 32.02335655233945 ], [ 118.764053876505571, 32.023386932787567 ], [ 118.764048781744094, 32.023432690844203 ], [ 118.764054758665949, 32.023488098693669 ], [ 118.764054143623383, 32.02353389950941 ], [ 118.764048920720654, 32.023589199100755 ], [ 118.764037104788869, 32.023634890745349 ], [ 118.7640516321771, 32.023720920104481 ], [ 118.764100298336714, 32.023767201229894 ], [ 118.764142730249844, 32.023777157555116 ], [ 118.764167473877819, 32.023769764832416 ], [ 118.764203571099472, 32.023751030145739 ], [ 118.7642083839376, 32.023726264725767 ], [ 118.764208793922037, 32.023695730547288 ], [ 118.76421154678178, 32.023657585333304 ], [ 118.76418963292727, 32.023621107749975 ], [ 118.764165582250783, 32.023576975471009 ], [ 118.764164110599964, 32.023519702615388 ], [ 118.764171496939781, 32.023470149952885 ], [ 118.764169820282319, 32.023428144636839 ], [ 118.764150275010081, 32.023382146442657 ], [ 118.764137167948292, 32.023357207282707 ] ] ] } },
{ "type": "Feature", "properties": { "OBJECTID": 666, "SHAPE_Leng": 103.19919803099999, "SHAPE_Area": 658.42398931299999, "len_km": null, "area_ha": "0.07" }, "geometry": { "type": "Polygon", "coordinates": [ [ [ 118.764538261976682, 32.023351571938164 ], [ 118.764509500939027, 32.023324571385515 ], [ 118.76446019433692, 32.023325999907165 ], [ 118.764396832706765, 32.023373097374147 ], [ 118.76437832355613, 32.023416815821776 ], [ 118.764348587910575, 32.023462332890226 ], [ 118.764345630142174, 32.023515745651181 ], [ 118.764351735346267, 32.02356161195349 ], [ 118.764399735470406, 32.023657510221895 ], [ 118.764453112068082, 32.023686659557377 ], [ 118.764506872963835, 32.02368718335719 ], [ 118.764551853725322, 32.02367426187417 ], [ 118.764567789446303, 32.023655330655352 ], [ 118.764568045612933, 32.023636246678308 ], [ 118.76457072147295, 32.023603826555416 ], [ 118.764566805315923, 32.023561798522856 ], [ 118.764553928675895, 32.02351968319249 ], [ 118.764538914120592, 32.023469913163957 ], [ 118.764543880551003, 32.023433697521384 ], [ 118.764560252759452, 32.023382324361449 ], [ 118.764538261976682, 32.023351571938164 ] ] ] } },
{ "type": "Feature", "properties": { "OBJECTID": 667, "SHAPE_Leng": 212.357541978, "SHAPE_Area": 2264.7431775300001, "len_km": null, "area_ha": "0.23" }, "geometry": { "type": "Polygon", "coordinates": [ [ [ 118.764610293255771, 32.022825494390027 ], [ 118.764608565174328, 32.022787305506249 ], [ 118.76460263918645, 32.022728080332769 ], [ 118.764574235880204, 32.022674362033932 ], [ 118.764541455391338, 32.02261296721538 ], [ 118.764501698758394, 32.02257058999556 ], [ 118.764464131281116, 32.02253205192882 ], [ 118.764412712841946, 32.022523916174237 ], [ 118.764361013649022, 32.02253677305665 ], [ 118.76433382609801, 32.022559411550809 ], [ 118.764333262464746, 32.022601395041384 ], [ 118.764350234263091, 32.022672179561212 ], [ 118.764374183384632, 32.022723945589583 ], [ 118.764375961544815, 32.022758318029119 ], [ 118.764362085914783, 32.022790629923875 ], [ 118.764308428032763, 32.022782472304279 ], [ 118.764248203848311, 32.022762798970653 ], [ 118.764219339523379, 32.022743432117394 ], [ 118.764170393029104, 32.022718142796293 ], [ 118.764127960538715, 32.022708186480564 ], [ 118.764080817768161, 32.022715360898118 ], [ 118.764035504260391, 32.022753092206173 ], [ 118.76401696945598, 32.022798718370503 ], [ 118.764009326837098, 32.022867354102203 ], [ 118.764017441569351, 32.022930417563416 ], [ 118.764034797575249, 32.022972576605369 ], [ 118.764063482543634, 32.023005302373669 ], [ 118.764103187904254, 32.023051496162218 ], [ 118.764167917561565, 32.023069304556614 ], [ 118.764214829901618, 32.023079305419564 ], [ 118.764313391591344, 32.023080265877724 ], [ 118.764477502799267, 32.023037966128648 ], [ 118.76456334049891, 32.022985361734726 ], [ 118.764616501008049, 32.022863727815981 ], [ 118.764610293255771, 32.022825494390027 ] ] ] } },
{ "type": "Feature", "properties": { "OBJECTID": 668, "SHAPE_Leng": 72.023184195599995, "SHAPE_Area": 365.18719529700002, "len_km": null, "area_ha": "0.04" }, "geometry": { "type": "Polygon", "coordinates": [ [ [ 118.764151603439515, 32.019107610605936 ], [ 118.764097054078093, 32.019103501028866 ], [ 118.764058630536368, 32.019149648466147 ], [ 118.764061773736714, 32.019228410056101 ], [ 118.764090259760181, 32.019296681971618 ], [ 118.764144377928559, 32.019332996412608 ], [ 118.764203175591675, 32.019333569386262 ], [ 118.764233199945807, 32.019287339160336 ], [ 118.76424675998409, 32.019215898104378 ], [ 118.764231161406386, 32.019126279394392 ], [ 118.764151603439515, 32.019107610605936 ] ] ] } },
{ "type": "Feature", "properties": { "OBJECTID": 669, "SHAPE_Leng": 43.026457479400001, "SHAPE_Area": 135.536806068, "len_km": null, "area_ha": "0.01" }, "geometry": { "type": "Polygon", "coordinates": [ [ [ 118.763758094007159, 32.018695807638345 ], [ 118.763716144182766, 32.018691819819203 ], [ 118.763653050715249, 32.01869836251651 ], [ 118.763652281804809, 32.018755613570711 ], [ 118.763685207780611, 32.018806035337441 ], [ 118.763735605933761, 32.018806526639047 ], [ 118.763765148747467, 32.018796078872242 ], [ 118.763786532655203, 32.018767658044666 ], [ 118.763786820959666, 32.018746189349173 ], [ 118.763778805171782, 32.01871748103531 ], [ 118.763758094007159, 32.018695807638345 ] ] ] } },
{ "type": "Feature", "properties": { "OBJECTID": 670, "SHAPE_Leng": 114.50443735899999, "SHAPE_Area": 716.65414618099999, "len_km": null, "area_ha": "0.07" }, "geometry": { "type": "Polygon", "coordinates": [ [ [ 118.763785897846915, 32.01839785628583 ], [ 118.763768211054114, 32.018359511809308 ], [ 118.76372470117586, 32.018367437503059 ], [ 118.763693837492625, 32.018371908480027 ], [ 118.763654447595272, 32.01838583912118 ], [ 118.763612240546621, 32.018400935246824 ], [ 118.763585513927481, 32.01841021747471 ], [ 118.763520939462211, 32.018422709577045 ], [ 118.76348030969568, 32.018424699360217 ], [ 118.763393208641205, 32.018446515450087 ], [ 118.76335790555207, 32.018468835677012 ], [ 118.763325162160797, 32.018509074376389 ], [ 118.763328912550094, 32.018542512068571 ], [ 118.763338184024917, 32.018581967504559 ], [ 118.763363174212415, 32.01859771878776 ], [ 118.763423036012171, 32.018623353784079 ], [ 118.763458050767227, 32.018622502233988 ], [ 118.763504408931936, 32.018611024618629 ], [ 118.763539631935856, 32.018594668378896 ], [ 118.763563655731048, 32.018578202040977 ], [ 118.763596126719975, 32.018558239167689 ], [ 118.763646973269886, 32.018525333751612 ], [ 118.763707507874571, 32.018500873489216 ], [ 118.763749729915446, 32.018484584516983 ], [ 118.763791017454366, 32.01843369323754 ], [ 118.763785897846915, 32.01839785628583 ] ] ] } },
{ "type": "Feature", "properties": { "OBJECTID": 671, "SHAPE_Leng": 43.286824751499999, "SHAPE_Area": 135.15543992100001, "len_km": null, "area_ha": "0.01" }, "geometry": { "type": "Polygon", "coordinates": [ [ [ 118.764013426963317, 32.017427392600403 ], [ 118.763978418343896, 32.017407010911384 ], [ 118.763939702945095, 32.017412359439263 ], [ 118.763927675037024, 32.017432282707688 ], [ 118.763918794504704, 32.017467982305028 ], [ 118.763918198749749, 32.017512352335956 ], [ 118.763926349030939, 32.017531040355017 ], [ 118.76394459696219, 32.017548395775997 ], [ 118.7639916346006, 32.017548854212585 ], [ 118.764015441657719, 32.017527614722859 ], [ 118.764029265300238, 32.017499120162327 ], [ 118.764029668841815, 32.017469062897881 ], [ 118.764013426963317, 32.017427392600403 ] ] ] } },
{ "type": "Feature", "properties": { "OBJECTID": 672, "SHAPE_Leng": 73.295883382599996, "SHAPE_Area": 300.42495580500002, "len_km": null, "area_ha": "0.03" }, "geometry": { "type": "Polygon", "coordinates": [ [ [ 118.763114996612174, 32.016555608142468 ], [ 118.7630698563176, 32.016476436917344 ], [ 118.76302596266639, 32.016512987924912 ], [ 118.763004210466647, 32.016568842267247 ], [ 118.762993818538106, 32.016612877791658 ], [ 118.762994576443504, 32.016660600051139 ], [ 118.763012246569161, 32.016700138336468 ], [ 118.76303834880558, 32.016737372035657 ], [ 118.763066010249631, 32.016762693121798 ], [ 118.763112240365743, 32.016760758078995 ], [ 118.763119623926315, 32.016732200807979 ], [ 118.763137720912241, 32.016635752800454 ], [ 118.763114996612174, 32.016555608142468 ] ] ] } },
{ "type": "Feature", "properties": { "OBJECTID": 673, "SHAPE_Leng": 58.742885411300001, "SHAPE_Area": 219.603844753, "len_km": null, "area_ha": "0.02" }, "geometry": { "type": "Polygon", "coordinates": [ [ [ 118.764816969483419, 32.016074760095698 ], [ 118.764809017565057, 32.016041282410264 ], [ 118.764758620905042, 32.016040791572827 ], [ 118.764696577243768, 32.016073587511116 ], [ 118.764676146144126, 32.016135418938553 ], [ 118.764700480816899, 32.016200072320245 ], [ 118.764733438519286, 32.016248108213368 ], [ 118.764778523343153, 32.016227075810178 ], [ 118.764790074327635, 32.016200944944352 ], [ 118.764798858375812, 32.016172401204443 ], [ 118.764818969362011, 32.016134424081422 ], [ 118.764816969483419, 32.016074760095698 ] ] ] } },
{ "type": "Feature", "properties": { "OBJECTID": 674, "SHAPE_Leng": 72.786006595100005, "SHAPE_Area": 378.673959717, "len_km": null, "area_ha": "0.04" }, "geometry": { "type": "Polygon", "coordinates": [ [ [ 118.765705452471153, 32.015152797423951 ], [ 118.765674171948632, 32.015146767135903 ], [ 118.765633726016134, 32.015155916296322 ], [ 118.765590837307485, 32.015180311229201 ], [ 118.765534124709163, 32.015233200893171 ], [ 118.765517498771402, 32.015303657400693 ], [ 118.765521339435423, 32.015351410582333 ], [ 118.765565956675843, 32.015365205498689 ], [ 118.765586064028128, 32.015369218145324 ], [ 118.765653438196807, 32.015356514144869 ], [ 118.765680546489321, 32.015339600394178 ], [ 118.765707885043398, 32.015305510396949 ], [ 118.765728555227753, 32.015267539459892 ], [ 118.765740369107945, 32.015221847550883 ], [ 118.76573655390871, 32.015172186602257 ], [ 118.765705452471153, 32.015152797423951 ] ] ] } },
{ "type": "Feature", "properties": { "OBJECTID": 675, "SHAPE_Leng": 81.705320929400003, "SHAPE_Area": 447.33508802, "len_km": null, "area_ha": "0.04" }, "geometry": { "type": "Polygon", "coordinates": [ [ [ 118.766363411342851, 32.015033230081876 ], [ 118.766314621687073, 32.014996491417065 ], [ 118.766256180891418, 32.015011191597388 ], [ 118.766204358321104, 32.015033590914832 ], [ 118.766139095695507, 32.01505585945803 ], [ 118.766096130434192, 32.015085979680727 ], [ 118.766086659241793, 32.015124059637799 ], [ 118.766117786333069, 32.015141540052632 ], [ 118.766128909466147, 32.01514737412748 ], [ 118.76616904739727, 32.01516112525384 ], [ 118.766200225661166, 32.015174789206782 ], [ 118.766247185407934, 32.01518097189102 ], [ 118.766305472882621, 32.015177721946721 ], [ 118.76637279569934, 32.015168833098514 ], [ 118.766413419505071, 32.015146324789058 ], [ 118.766427421020111, 32.015104471027691 ], [ 118.766394462807483, 32.015056435554506 ], [ 118.766363411342851, 32.015033230081876 ] ] ] } },
{ "type": "Feature", "properties": { "OBJECTID": 676, "SHAPE_Leng": 92.065451127700001, "SHAPE_Area": 566.16290221999998, "len_km": null, "area_ha": "0.06" }, "geometry": { "type": "Polygon", "coordinates": [ [ [ 118.767557703736017, 32.014863998613237 ], [ 118.767487948527418, 32.014845427209792 ], [ 118.767438712933767, 32.014862842274766 ], [ 118.767360640449581, 32.01494260355981 ], [ 118.767363342498555, 32.015002274364761 ], [ 118.767411141056357, 32.015092205723796 ], [ 118.767452578491799, 32.01513435943118 ], [ 118.767529453576756, 32.015144053273666 ], [ 118.767585649298624, 32.01512968866799 ], [ 118.767603307164947, 32.015117930622097 ], [ 118.767624665060865, 32.01509129874281 ], [ 118.767611105353211, 32.015058361852333 ], [ 118.767601005157175, 32.015028441435341 ], [ 118.767580445549569, 32.014995437424396 ], [ 118.767563506183038, 32.014953521817425 ], [ 118.767564104913674, 32.014908793775035 ], [ 118.767557703736017, 32.014863998613237 ] ] ] } },
{ "type": "Feature", "properties": { "OBJECTID": 677, "SHAPE_Leng": 245.82654710099999, "SHAPE_Area": 3391.8512371100001, "len_km": null, "area_ha": "0.34" }, "geometry": { "type": "Polygon", "coordinates": [ [ [ 118.766307535958575, 32.017646228591069 ], [ 118.766227907751428, 32.017403058085556 ], [ 118.766181100337391, 32.017385425143779 ], [ 118.766142766859772, 32.017404138699419 ], [ 118.766086667042828, 32.017411227671012 ], [ 118.766021760812635, 32.017406778313514 ], [ 118.765941303987461, 32.017392635712582 ], [ 118.765876322089269, 32.017393911402884 ], [ 118.765842263302943, 32.01742793511864 ], [ 118.765841444616115, 32.017489003573552 ], [ 118.765864548029114, 32.017603745562305 ], [ 118.765890480144705, 32.017674617127589 ], [ 118.765925090826244, 32.017766567648955 ], [ 118.765944380087646, 32.017831648704636 ], [ 118.765985864059303, 32.017912214374384 ], [ 118.765987105585921, 32.017986662607619 ], [ 118.765993134595476, 32.018038253992366 ], [ 118.766003746436908, 32.018082256092512 ], [ 118.766034311720503, 32.018141720993022 ], [ 118.766074297461344, 32.018166921496004 ], [ 118.766127594753669, 32.018201795196056 ], [ 118.766176591661875, 32.018223267302595 ], [ 118.766232538512256, 32.018227628527185 ], [ 118.766297648883977, 32.01821681021535 ], [ 118.766347310773853, 32.01818866402143 ], [ 118.766379103834936, 32.018156527056021 ], [ 118.766399749920325, 32.018120463815166 ], [ 118.766404817542394, 32.018076615162769 ], [ 118.766403088748845, 32.018038425357538 ], [ 118.766403855927408, 32.017981174237441 ], [ 118.766389045755318, 32.017916136816453 ], [ 118.766343414446084, 32.017810718576783 ], [ 118.766307535958575, 32.017646228591069 ] ] ] } },
{ "type": "Feature", "properties": { "OBJECTID": 678, "SHAPE_Leng": 247.50141473100001, "SHAPE_Area": 4156.8764406399996, "len_km": null, "area_ha": "0.42" }, "geometry": { "type": "Polygon", "coordinates": [ [ [ 118.768434356101551, 32.017486176398414 ], [ 118.768319785339315, 32.017468363181429 ], [ 118.768213134899355, 32.017486413867772 ], [ 118.768097828929996, 32.017523466889308 ], [ 118.768066679472312, 32.017549407688293 ], [ 118.768037978888216, 32.017601615643237 ], [ 118.768031644563195, 32.017656427688557 ], [ 118.768058367042698, 32.017752117972293 ], [ 118.768093774895817, 32.017826421092842 ], [ 118.768126607260569, 32.017883998611559 ], [ 118.76812860928527, 32.017943662582987 ], [ 118.768108307696082, 32.017995953033854 ], [ 118.768099174392518, 32.018050736989679 ], [ 118.768098631721855, 32.01809128974169 ], [ 118.768117784155663, 32.018124876930116 ], [ 118.768142599508266, 32.018153747271292 ], [ 118.768187079136553, 32.018178036757824 ], [ 118.768262483943545, 32.018193083791317 ], [ 118.76836598406274, 32.018201246759361 ], [ 118.768503371083384, 32.018188266280383 ], [ 118.768568183063067, 32.01815788039432 ], [ 118.76861613188774, 32.018132102591693 ], [ 118.768723133974532, 32.018087811615878 ], [ 118.768765324144795, 32.018073906571516 ], [ 118.768776969978816, 32.018040618480342 ], [ 118.768771976053245, 32.017995240118452 ], [ 118.768733575043726, 32.017935222771776 ], [ 118.768695015612366, 32.017887132601402 ], [ 118.768676213982914, 32.017827305525309 ], [ 118.768665811460622, 32.017767559994667 ], [ 118.768625154054931, 32.017666962678703 ], [ 118.768575745614697, 32.017592523756633 ], [ 118.768529073468429, 32.017522883236794 ], [ 118.768434356101551, 32.017486176398414 ] ] ] } },
{ "type": "Feature", "properties": { "OBJECTID": 679, "SHAPE_Leng": 268.89208626499999, "SHAPE_Area": 3840.4521746599999, "len_km": null, "area_ha": "0.38" }, "geometry": { "type": "Polygon", "coordinates": [ [ [ 118.768744314318994, 32.02320360446258 ], [ 118.768685576855248, 32.023198262295047 ], [ 118.768606888952945, 32.023218970630609 ], [ 118.76854773657081, 32.023244639572574 ], [ 118.768477097083249, 32.023291669338981 ], [ 118.768439898410747, 32.023350952556527 ], [ 118.768430828506567, 32.023400965255853 ], [ 118.768443870940416, 32.023472666017888 ], [ 118.768462737287479, 32.023527721874636 ], [ 118.768562613364509, 32.02359787907173 ], [ 118.768632263686072, 32.023624798775444 ], [ 118.76873802766012, 32.023673541502966 ], [ 118.768896833380623, 32.0237347278157 ], [ 118.768929732042778, 32.023787534813245 ], [ 118.769050988623491, 32.023934244237076 ], [ 118.769142560583333, 32.023997163508234 ], [ 118.769181506589021, 32.02401662711268 ], [ 118.769223508043225, 32.024017034776243 ], [ 118.769257204475778, 32.024010204952852 ], [ 118.76928272349447, 32.023986594291586 ], [ 118.769291730276109, 32.023941351862319 ], [ 118.769292400133054, 32.023891257575201 ], [ 118.769270892489146, 32.023824246583565 ], [ 118.769238025505231, 32.023769054957235 ], [ 118.769210567616952, 32.023728230462332 ], [ 118.769180340369147, 32.023684993158433 ], [ 118.769167074024693, 32.023629990855696 ], [ 118.769167839650564, 32.02357273972649 ], [ 118.76917713354139, 32.023506028579881 ], [ 118.769164185168293, 32.023427171928475 ], [ 118.769114709543985, 32.023357504422684 ], [ 118.769036627785056, 32.023332888161065 ], [ 118.768958576907096, 32.023305887129737 ], [ 118.768936273008464, 32.023298513737934 ], [ 118.768891822666887, 32.023271837951313 ], [ 118.768828028223851, 32.023225889659535 ], [ 118.768744314318994, 32.02320360446258 ] ] ] } },
{ "type": "Feature", "properties": { "OBJECTID": 680, "SHAPE_Leng": 83.941785038700004, "SHAPE_Area": 523.01350840700002, "len_km": null, "area_ha": "0.05" }, "geometry": { "type": "Polygon", "coordinates": [ [ [ 118.781779598594767, 32.027460482133804 ], [ 118.781733773811396, 32.027431411649182 ], [ 118.781683370595559, 32.027430927383072 ], [ 118.78162852997427, 32.027448294012231 ], [ 118.781555752260601, 32.027551376225333 ], [ 118.781563015227718, 32.027637333979619 ], [ 118.781637910123479, 32.027691734278299 ], [ 118.781705114600797, 32.027692379990768 ], [ 118.781734658404559, 32.027681928071296 ], [ 118.781768971188086, 32.027628577077586 ], [ 118.781794741797569, 32.02758588067978 ], [ 118.781803757601992, 32.02753944442123 ], [ 118.781804326013216, 32.027496505897716 ], [ 118.781779598594767, 32.027460482133804 ] ] ] } },
{ "type": "Feature", "properties": { "OBJECTID": 681, "SHAPE_Leng": 462.65952468099999, "SHAPE_Area": 9980.4122519100001, "len_km": null, "area_ha": "1.0" }, "geometry": { "type": "Polygon", "coordinates": [ [ [ 118.785030044531609, 32.027853114040568 ], [ 118.784977141277821, 32.02772377511161 ], [ 118.784943302753859, 32.027741344423639 ], [ 118.784842826621585, 32.027715330238543 ], [ 118.784755754431686, 32.0276286077737 ], [ 118.784369145772388, 32.027320715080222 ], [ 118.784294344036297, 32.02725916038289 ], [ 118.784134733474488, 32.027257630029702 ], [ 118.784050397243362, 32.02728187177123 ], [ 118.783969741377462, 32.027345514760867 ], [ 118.783976533758761, 32.027467255017768 ], [ 118.784004469666428, 32.027578461359326 ], [ 118.784069594870033, 32.027736547207951 ], [ 118.784093283112213, 32.027851292589823 ], [ 118.784133253609852, 32.028005558298496 ], [ 118.784157083830308, 32.028109568351894 ], [ 118.784155240003898, 32.028249119337048 ], [ 118.784153868948891, 32.028352887738833 ], [ 118.784152639729797, 32.028445920824034 ], [ 118.784209411841118, 32.028600348507311 ], [ 118.784287657742141, 32.028719194938326 ], [ 118.784404228147295, 32.028799043634749 ], [ 118.784495926004766, 32.028853602458341 ], [ 118.784693626199058, 32.02883402592753 ], [ 118.784744597319644, 32.02879156955278 ], [ 118.784783818212546, 32.028684585901701 ], [ 118.784733230404697, 32.028379913287395 ], [ 118.784722519946271, 32.028236663970972 ], [ 118.784723890353931, 32.028132895545305 ], [ 118.784746261460782, 32.028029328389934 ], [ 118.784776373146201, 32.027975937198903 ], [ 118.78485669829432, 32.027937340975662 ], [ 118.784949861274143, 32.02788097505875 ], [ 118.785030044531609, 32.027853114040568 ] ] ] } },
{ "type": "Feature", "properties": { "OBJECTID": 818, "SHAPE_Leng": 185.154116254, "SHAPE_Area": 2321.73920443, "len_km": null, "area_ha": "0.23" }, "geometry": { "type": "Polygon", "coordinates": [ [ [ 118.787328031634033, 32.028087188137256 ], [ 118.787267056243152, 32.028038889099967 ], [ 118.787118361633432, 32.028058939344028 ], [ 118.787103228889933, 32.028144682629701 ], [ 118.787054084849132, 32.028261115844515 ], [ 118.787007740010736, 32.028377575814112 ], [ 118.786998396555447, 32.028449059790681 ], [ 118.786995093035827, 32.028487201246755 ], [ 118.787005758988968, 32.028527861365596 ], [ 118.787022182961422, 32.02855664782286 ], [ 118.787061260591017, 32.02856656535301 ], [ 118.787158859351933, 32.028598513296032 ], [ 118.787312809805854, 32.02860475760184 ], [ 118.787394236062511, 32.028588835720676 ], [ 118.787475850888654, 32.028558600917513 ], [ 118.787518357603417, 32.028520835222345 ], [ 118.787547019481067, 32.028471007483908 ], [ 118.787547773817138, 32.028413756005385 ], [ 118.787520557808477, 32.028353851143976 ], [ 118.787490384288873, 32.028305846739805 ], [ 118.787418238548483, 32.028255055930622 ], [ 118.787413140726741, 32.028216834117949 ], [ 118.787383061604388, 32.028161673705775 ], [ 118.787352856780032, 32.028116054899264 ], [ 118.787328031634033, 32.028087188137256 ] ] ] } },
{ "type": "Feature", "properties": { "OBJECTID": 819, "SHAPE_Leng": 328.20028680199999, "SHAPE_Area": 5597.2531120200001, "len_km": null, "area_ha": "0.56" }, "geometry": { "type": "Polygon", "coordinates": [ [ [ 118.788673678564024, 32.02825918255688 ], [ 118.788674557805621, 32.028192388534094 ], [ 118.788647498122529, 32.028120556649583 ], [ 118.788576419590157, 32.027988659586825 ], [ 118.78861669047032, 32.027907927217683 ], [ 118.788637579517768, 32.027810309971009 ], [ 118.788590948770008, 32.027735905174247 ], [ 118.78856105750036, 32.027666432147235 ], [ 118.788523299056237, 32.027556324946623 ], [ 118.788435201211442, 32.027440965804509 ], [ 118.788354623112596, 32.027392479982602 ], [ 118.788307648352088, 32.027344315220589 ], [ 118.788263568224451, 32.027289021215374 ], [ 118.788196865426215, 32.027250210705802 ], [ 118.788126954990105, 32.027242385690933 ], [ 118.788028854638966, 32.027248604977878 ], [ 118.787950261437658, 32.027262169341441 ], [ 118.787880068238607, 32.027275813051169 ], [ 118.787823687214342, 32.027303903436994 ], [ 118.787789582276488, 32.027341749571839 ], [ 118.787775015919593, 32.027384554345836 ], [ 118.787796536831905, 32.027451562504304 ], [ 118.787922204097939, 32.02769134142445 ], [ 118.78799051249986, 32.027820827336924 ], [ 118.788081411559716, 32.027936213551698 ], [ 118.788126183000813, 32.027939027383049 ], [ 118.788162240234186, 32.02796561540876 ], [ 118.788189582209142, 32.028015978527989 ], [ 118.788233223904896, 32.02810466957699 ], [ 118.788320946233128, 32.028248654615503 ], [ 118.788379781534104, 32.028246830891362 ], [ 118.78843616298451, 32.02821874027233 ], [ 118.788525989883993, 32.028202897922029 ], [ 118.788567552834337, 32.028236696225946 ], [ 118.788586589219818, 32.028279822122542 ], [ 118.788645331386036, 32.028285155174288 ], [ 118.788673678564024, 32.02825918255688 ] ] ] } },
{ "type": "Feature", "properties": { "OBJECTID": 820, "SHAPE_Leng": 658.245365795, "SHAPE_Area": 15086.648364299999, "len_km": null, "area_ha": "1.51" }, "geometry": { "type": "Polygon", "coordinates": [ [ [ 118.790927077094778, 32.027188854621983 ], [ 118.791036330633105, 32.027186317419854 ], [ 118.791063751843765, 32.027209482350656 ], [ 118.791156346382564, 32.027196050429765 ], [ 118.791215401396755, 32.027177526857557 ], [ 118.791263505615603, 32.02713981322573 ], [ 118.791294840069185, 32.027099552890988 ], [ 118.791326331136347, 32.027047366188853 ], [ 118.791357916163449, 32.02698802258022 ], [ 118.791400326600296, 32.026957411513422 ], [ 118.791431629588303, 32.026919537674942 ], [ 118.791462996267143, 32.026876892572751 ], [ 118.791463654145119, 32.026826796993099 ], [ 118.791444679333381, 32.026778900227974 ], [ 118.791414503165342, 32.02673089669851 ], [ 118.791364910416078, 32.026722074154826 ], [ 118.791326525830385, 32.026712761493279 ], [ 118.7912080659368, 32.026669881205791 ], [ 118.791128149485246, 32.026624385400233 ], [ 118.791076272483025, 32.026576175809531 ], [ 118.791013778348756, 32.026536810860868 ], [ 118.790940390722767, 32.026527164349865 ], [ 118.790869916401206, 32.026562278627701 ], [ 118.790812973547688, 32.026633309964176 ], [ 118.790704113544791, 32.026659111309392 ], [ 118.790672573162979, 32.026661793377137 ], [ 118.790602490507254, 32.026667088904823 ], [ 118.790553370148359, 32.026675567197124 ], [ 118.790517740964688, 32.026722943275225 ], [ 118.790474640597935, 32.026806034335387 ], [ 118.790439089711185, 32.026847446308956 ], [ 118.790319572850649, 32.026885075316422 ], [ 118.790242489130151, 32.026890304754623 ], [ 118.790155376110306, 32.0268596512988 ], [ 118.790106843665029, 32.026823401079348 ], [ 118.790016504236945, 32.026771841204017 ], [ 118.789950627111637, 32.026723496666804 ], [ 118.789825090725387, 32.026686512393617 ], [ 118.789730387917814, 32.026700519257247 ], [ 118.7896912976219, 32.026744880099599 ], [ 118.789676434203045, 32.026810346811722 ], [ 118.789682650728011, 32.026870050803225 ], [ 118.789685523160472, 32.026917794124614 ], [ 118.789698778724812, 32.026974583338657 ], [ 118.78973618285967, 32.027058442501414 ], [ 118.789773588107039, 32.02714230256543 ], [ 118.789789794689341, 32.027240870109559 ], [ 118.789789049619543, 32.027297525689249 ], [ 118.789759675620942, 32.027401623027991 ], [ 118.78975888776823, 32.027589258195633 ], [ 118.789732856702813, 32.027705316177197 ], [ 118.78964708596726, 32.027838698408537 ], [ 118.789537244707873, 32.027939045610935 ], [ 118.789458434139647, 32.028075476106871 ], [ 118.789461150629108, 32.028135146682772 ], [ 118.789495328541761, 32.02819809957122 ], [ 118.789529546778653, 32.028258070873932 ], [ 118.789588542498009, 32.028297403157069 ], [ 118.789644506840574, 32.028300919331741 ], [ 118.789725248593342, 32.028283796443297 ], [ 118.789760918021997, 32.028233439036732 ], [ 118.789807049119233, 32.028186163428245 ], [ 118.789832609689014, 32.028105887196674 ], [ 118.789868553474861, 32.028034656838798 ], [ 118.789900761986885, 32.027981284396972 ], [ 118.78996124660793, 32.027907305344321 ], [ 118.790092235330405, 32.027742743942291 ], [ 118.790181288564639, 32.027679177121833 ], [ 118.790240375435118, 32.027658268386382 ], [ 118.790358077669197, 32.027652234388853 ], [ 118.790472003686062, 32.02761395510111 ], [ 118.790565161972708, 32.027557584952561 ], [ 118.790599892889219, 32.027472028119341 ], [ 118.790732171375694, 32.027315828176 ], [ 118.790927077094778, 32.027188854621983 ] ] ] } },
{ "type": "Feature", "properties": { "OBJECTID": 821, "SHAPE_Leng": 454.33656401799999, "SHAPE_Area": 9680.93067892, "len_km": null, "area_ha": "0.97" }, "geometry": { "type": "Polygon", "coordinates": [ [ [ 118.786375953633581, 32.025933796208875 ], [ 118.786260722831869, 32.025911817777306 ], [ 118.786207866701886, 32.025938152198094 ], [ 118.786149228480951, 32.026137400308691 ], [ 118.786070021263711, 32.026303647198368 ], [ 118.786032855932248, 32.026467313665719 ], [ 118.785890290574557, 32.026925212120275 ], [ 118.785789647836424, 32.02712405782313 ], [ 118.785725542527629, 32.027206946059621 ], [ 118.785703557278822, 32.027281291741957 ], [ 118.785733879317149, 32.02737104903067 ], [ 118.785771555357712, 32.027434036386481 ], [ 118.785809231448852, 32.027497023731755 ], [ 118.785882501182485, 32.027515618869323 ], [ 118.785973585267016, 32.02751052703983 ], [ 118.786090037349553, 32.027440067663498 ], [ 118.78620306797913, 32.027363612406397 ], [ 118.786266819034537, 32.027307559981743 ], [ 118.786404272105273, 32.026971883389734 ], [ 118.786517890633618, 32.026850699541193 ], [ 118.786684445016292, 32.02669721783586 ], [ 118.786847774122577, 32.026522828610709 ], [ 118.786899056539184, 32.026350350154274 ], [ 118.786899764057921, 32.026296676211935 ], [ 118.786886628223414, 32.026230941988537 ], [ 118.786796409176972, 32.026170434215544 ], [ 118.786586830223754, 32.02613562371674 ], [ 118.786489021941378, 32.026119777030068 ], [ 118.78642660772627, 32.026074446693592 ], [ 118.786395775273803, 32.026023452863079 ], [ 118.786375363788466, 32.025978524488053 ], [ 118.786375953633581, 32.025933796208875 ] ] ] } },
{ "type": "Feature", "properties": { "OBJECTID": 997, "SHAPE_Leng": 15180.8687175, "SHAPE_Area": 260940.09350300001, "len_km": null, "area_ha": "15.39" }, "geometry": { "type": "Polygon", "coordinates": [ [ [ 118.768428122121705, 32.035189682345759 ], [ 118.768422934023562, 32.035075115041039 ], [ 118.768212361441712, 32.035239118895127 ], [ 118.768156447236265, 32.035398899303011 ], [ 118.767991769209303, 32.035649237241572 ], [ 118.767869104369069, 32.035774013775544 ], [ 118.767570772494466, 32.03596579371667 ], [ 118.767428786311555, 32.036027397702853 ], [ 118.767116703748059, 32.036241945328314 ], [ 118.767008246368221, 32.036309600716002 ], [ 118.766617427148319, 32.036380235247258 ], [ 118.766382266324825, 32.036372221457398 ], [ 118.766186281064904, 32.036450477019429 ], [ 118.765672714929721, 32.036651608366228 ], [ 118.764970187865003, 32.036908156289464 ], [ 118.76438322294041, 32.037068486403733 ], [ 118.7634981150606, 32.036905259305456 ], [ 118.763264415795689, 32.036788462125031 ], [ 118.763254206380623, 32.036547877287553 ], [ 118.763637814760074, 32.034513215044242 ], [ 118.763832799398457, 32.032741724638505 ], [ 118.763689700158778, 32.03171921853184 ], [ 118.763395475280646, 32.031105591114319 ], [ 118.763308559470914, 32.030904338858257 ], [ 118.763356826975667, 32.03064714573182 ], [ 118.763493547415706, 32.030476703772209 ], [ 118.764695388824393, 32.030240297282951 ], [ 118.765619247748873, 32.029848485328785 ], [ 118.766803149692976, 32.029277875829926 ], [ 118.768102878225264, 32.028422087812999 ], [ 118.76907393370729, 32.027849388430383 ], [ 118.770038555698235, 32.027094918242987 ], [ 118.770800951714193, 32.026375126603838 ], [ 118.770687240480683, 32.026333943282616 ], [ 118.769653579724093, 32.027234330687612 ], [ 118.768384299960744, 32.028161050124751 ], [ 118.767113934773462, 32.02892156810092 ], [ 118.765931691197366, 32.02953609463983 ], [ 118.764867663411692, 32.030021975913506 ], [ 118.764111882177716, 32.030243645329001 ], [ 118.763958830312347, 32.030295594945557 ], [ 118.763879208684443, 32.030218473837628 ], [ 118.76377198696099, 32.030194525111881 ], [ 118.763664456540127, 32.030193476666824 ], [ 118.763528711334644, 32.030291401271384 ], [ 118.76342036116705, 32.030351420902647 ], [ 118.763321586537842, 32.030365726173947 ], [ 118.76317872754953, 32.030326160739634 ], [ 118.76317995884061, 32.030234558334776 ], [ 118.763275721837616, 32.029777423919171 ], [ 118.763247574460493, 32.029204563939295 ], [ 118.763206771740499, 32.028906421074716 ], [ 118.763173596405551, 32.028707601787005 ], [ 118.763370864360425, 32.027365857167105 ], [ 118.763549561678687, 32.025766108908826 ], [ 118.763493435720633, 32.024941037540394 ], [ 118.763076114635453, 32.023986474677749 ], [ 118.762959153681848, 32.023687588656642 ], [ 118.763072300881646, 32.023070013779687 ], [ 118.763021173066505, 32.022706876639873 ], [ 118.762904127973542, 32.022247665883668 ], [ 118.762855181407701, 32.021722318066608 ], [ 118.762752673523607, 32.021015127492795 ], [ 118.76249144466118, 32.020449535256496 ], [ 118.762285833982276, 32.019913115483661 ], [ 118.761978272733501, 32.019461587044425 ], [ 118.761848497109369, 32.019116768014818 ], [ 118.761851321217861, 32.018573633938601 ], [ 118.761768662164044, 32.018223548943062 ], [ 118.761351405203882, 32.017767130991047 ], [ 118.761074880567065, 32.017340715851134 ], [ 118.7608431445273, 32.016582637307685 ], [ 118.760754387796524, 32.016186686120214 ], [ 118.760750288420084, 32.015991966108366 ], [ 118.760834621686612, 32.015717949094253 ], [ 118.760882505943371, 32.015655431635416 ], [ 118.761112245100932, 32.015446391960886 ], [ 118.761523518133203, 32.015264318434035 ], [ 118.762466814181749, 32.01508266317758 ], [ 118.762371858088898, 32.014647525465705 ], [ 118.761692002536009, 32.014812665121958 ], [ 118.761051149290253, 32.014992497641401 ], [ 118.760630924598331, 32.015007477457985 ], [ 118.760310849436308, 32.015071151500713 ], [ 118.759983954122688, 32.015225416809088 ], [ 118.759620928096098, 32.015312634154689 ], [ 118.75958168611713, 32.015354929133501 ], [ 118.759628243011321, 32.015437549088645 ], [ 118.759620751260343, 32.015452437175234 ], [ 118.759964124070564, 32.015353275573624 ], [ 118.760364513095638, 32.01531424578792 ], [ 118.760470637525998, 32.015418348414961 ], [ 118.760348697312864, 32.015989743836826 ], [ 118.760337551478841, 32.016567947044472 ], [ 118.760451020169569, 32.016875389282013 ], [ 118.760616937371225, 32.017280684391039 ], [ 118.760844515691346, 32.017661054388903 ], [ 118.761041225709988, 32.018025613930554 ], [ 118.761440394325078, 32.019160371589962 ], [ 118.761667885830903, 32.019735179304256 ], [ 118.762097512453451, 32.020709311468053 ], [ 118.762312271365261, 32.021398510752753 ], [ 118.762429397538497, 32.022018047575962 ], [ 118.762574430490844, 32.022561510696917 ], [ 118.76252244648326, 32.02309541733419 ], [ 118.762469639599431, 32.023690391296526 ], [ 118.762700744669985, 32.024430901407733 ], [ 118.76295039947891, 32.025025009401801 ], [ 118.762977844313241, 32.025483345936628 ], [ 118.762960103098337, 32.025969870874341 ], [ 118.762846856485993, 32.026894446246125 ], [ 118.762779692524987, 32.027724040528099 ], [ 118.762883105335789, 32.028364437175135 ], [ 118.762779346851531, 32.028582915868256 ], [ 118.762675973826873, 32.028772768996035 ], [ 118.762672124699847, 32.029059024602333 ], [ 118.762758396009744, 32.029307986690242 ], [ 118.762833467224098, 32.029556839437312 ], [ 118.762829746770308, 32.029833552601545 ], [ 118.76272367688783, 32.030223784851458 ], [ 118.762734951767186, 32.030618342408701 ], [ 118.762783943847566, 32.030973823682842 ], [ 118.762979713325151, 32.03141089881283 ], [ 118.763200675393406, 32.031974187936477 ], [ 118.763323546859127, 32.032834264679153 ], [ 118.76333842517883, 32.033727642980814 ], [ 118.763106732452471, 32.034962167255252 ], [ 118.762908383071562, 32.035716043818766 ], [ 118.762689923423025, 32.035965849840274 ], [ 118.762608809330743, 32.03599941323403 ], [ 118.762687305330459, 32.036160502820969 ], [ 118.762710801308003, 32.036412669941043 ], [ 118.762598798146826, 32.036743676373817 ], [ 118.762375093887428, 32.037389658557366 ], [ 118.76216588508025, 32.03795065795655 ], [ 118.762016406974695, 32.038235491143048 ], [ 118.761926184670841, 32.038492232070638 ], [ 118.761994406757537, 32.038513753563045 ], [ 118.762603103693237, 32.038380024745251 ], [ 118.762849479308173, 32.037652452681215 ], [ 118.763093058485723, 32.037034528999165 ], [ 118.76325065382504, 32.036978808055977 ], [ 118.763709236577213, 32.037034813265755 ], [ 118.764245232480434, 32.037166008226706 ], [ 118.764534316508303, 32.037163099818876 ], [ 118.765115098710666, 32.036962627004307 ], [ 118.766218504188899, 32.036553855761902 ], [ 118.766979826405972, 32.036423842082279 ], [ 118.767215984849798, 32.036357427603498 ], [ 118.767433973182932, 32.03614196500191 ], [ 118.768022767408993, 32.035844217172404 ], [ 118.76824259344923, 32.035491349794675 ], [ 118.768428122121705, 32.035189682345759 ] ] ] } },
{ "type": "Feature", "properties": { "OBJECTID": 999, "SHAPE_Leng": 967.58187232199998, "SHAPE_Area": 18968.146839500001, "len_km": null, "area_ha": "1.9" }, "geometry": { "type": "Polygon", "coordinates": [ [ [ 118.790644019999704, 32.020337814591699 ], [ 118.790791971347616, 32.020330636581797 ], [ 118.790891604714432, 32.020420337678928 ], [ 118.790883312726336, 32.020161894323223 ], [ 118.790860976368819, 32.020156909493124 ], [ 118.790824764637094, 32.020142249529897 ], [ 118.790655344421467, 32.020035659283288 ], [ 118.790608622773746, 32.019968412109293 ], [ 118.790578951695608, 32.019882240058166 ], [ 118.790583162193357, 32.019774920424098 ], [ 118.790592407747098, 32.019710591999797 ], [ 118.790405858660549, 32.019538117605826 ], [ 118.790369501208772, 32.019491963788873 ], [ 118.790343637377589, 32.019414417717456 ], [ 118.790344765875076, 32.019328540287844 ], [ 118.790369301016781, 32.019251474034377 ], [ 118.790393948947695, 32.019165820932415 ], [ 118.790412328357704, 32.019045752756462 ], [ 118.790414096209332, 32.018911211438301 ], [ 118.790415864061018, 32.018776669215619 ], [ 118.790417556662547, 32.018647853054347 ], [ 118.790435710240459, 32.018544960350866 ], [ 118.79046371779647, 32.01845933926505 ], [ 118.790415049538595, 32.018327178937483 ], [ 118.790342561267181, 32.018217695815892 ], [ 118.790316810627715, 32.018131561988511 ], [ 118.790308160372504, 32.018022687745713 ], [ 118.790312987259853, 32.01791107911194 ], [ 118.790311696240011, 32.017753604171773 ], [ 118.790258878711583, 32.017681526853664 ], [ 118.790148078271741, 32.017674744018898 ], [ 118.790077069558876, 32.017708421882389 ], [ 118.790005645864539, 32.01777358808949 ], [ 118.789958043259617, 32.017816078016445 ], [ 118.78989110918495, 32.017795398784635 ], [ 118.789817982225671, 32.017734579260143 ], [ 118.789734625226018, 32.017685113830936 ], [ 118.789670787722358, 32.017684504616398 ], [ 118.789617255646291, 32.017666816082823 ], [ 118.789509890437898, 32.017654339596305 ], [ 118.789398825545518, 32.017667594164401 ], [ 118.789341519570527, 32.017681361831755 ], [ 118.789280176060288, 32.017746623848566 ], [ 118.789282707691171, 32.017809632696512 ], [ 118.789359231864324, 32.0178676220144 ], [ 118.789456254175278, 32.017900040487199 ], [ 118.789586838740064, 32.017935643056468 ], [ 118.789680727139981, 32.017950853808244 ], [ 118.789778163612795, 32.01795178364835 ], [ 118.789833743713316, 32.018239753204227 ], [ 118.789869799379701, 32.018308807812794 ], [ 118.790009146419919, 32.018444696468983 ], [ 118.79006246462653, 32.018734362101753 ], [ 118.790129198284319, 32.01885562456313 ], [ 118.790165103914887, 32.018936129416446 ], [ 118.790164426726705, 32.018987655874128 ], [ 118.790143138556786, 32.019073340983255 ], [ 118.79013260732448, 32.019107595793059 ], [ 118.790081869877824, 32.019132879105065 ], [ 118.790001231752967, 32.019132109755397 ], [ 118.789964760731309, 32.019094542658856 ], [ 118.789881590594959, 32.019030764401151 ], [ 118.789791587843581, 32.018975509707595 ], [ 118.789758477930192, 32.018937975528793 ], [ 118.789660475855953, 32.018979984354829 ], [ 118.78957244052566, 32.019030677049741 ], [ 118.789523143166136, 32.019201983796655 ], [ 118.789596007580116, 32.019282841562898 ], [ 118.789645540803846, 32.01934916192171 ], [ 118.789717878533594, 32.019470095745284 ], [ 118.789746499604789, 32.01959347618142 ], [ 118.789765078565807, 32.019713896936963 ], [ 118.78980713956652, 32.019837404712632 ], [ 118.789879515505703, 32.019955475869281 ], [ 118.789914932098227, 32.020073195229301 ], [ 118.789939930234112, 32.020216580720373 ], [ 118.78995847191743, 32.020339864025438 ], [ 118.790023903764137, 32.020475047378 ], [ 118.790110284744699, 32.020550307939125 ], [ 118.790254763618464, 32.02055168625094 ], [ 118.790335553468537, 32.020541005147919 ], [ 118.790440690650343, 32.020467571550896 ], [ 118.790552887176602, 32.020368437831266 ], [ 118.790644019999704, 32.020337814591699 ] ] ] } },
{ "type": "Feature", "properties": { "OBJECTID": 1000, "SHAPE_Leng": 89.767836877700006, "SHAPE_Area": 521.621142276, "len_km": null, "area_ha": "0.05" }, "geometry": { "type": "Polygon", "coordinates": [ [ [ 118.790941125548272, 32.020729372479344 ], [ 118.7909330607812, 32.020524689643402 ], [ 118.790863032938447, 32.020534710890111 ], [ 118.790799992186322, 32.020558539927912 ], [ 118.790749295445011, 32.02059775625127 ], [ 118.790700449409428, 32.020632409498425 ], [ 118.790671517208338, 32.020651983015632 ], [ 118.790660063246193, 32.020705315625143 ], [ 118.790670273621259, 32.020746639319064 ], [ 118.790718356500435, 32.020770001346527 ], [ 118.790763076751347, 32.020776535080692 ], [ 118.790845868966343, 32.02074984028728 ], [ 118.790941125548272, 32.020729372479344 ] ] ] } },
{ "type": "Feature", "properties": { "OBJECTID": 1001, "SHAPE_Leng": 265.06615216799997, "SHAPE_Area": 2286.7371586, "len_km": null, "area_ha": "0.23" }, "geometry": { "type": "Polygon", "coordinates": [ [ [ 118.791294096525348, 32.019690268194459 ], [ 118.791244563241634, 32.019640934939488 ], [ 118.791203287457378, 32.019645122222485 ], [ 118.79116887846267, 32.019672278466508 ], [ 118.791110934651059, 32.019717533175111 ], [ 118.791036861971179, 32.01976263500196 ], [ 118.790980287507821, 32.019839967629188 ], [ 118.791017081886267, 32.020131550168202 ], [ 118.791077347130013, 32.020182512416923 ], [ 118.791132217511475, 32.020234949812682 ], [ 118.791174403027142, 32.020297955183075 ], [ 118.791158903958362, 32.020386367413693 ], [ 118.79103759716692, 32.020479879212104 ], [ 118.791056574516404, 32.020672450567091 ], [ 118.791097091762211, 32.020635071257374 ], [ 118.791151392754756, 32.020594362549332 ], [ 118.791196894866701, 32.020541354437583 ], [ 118.791244208602734, 32.020486836975209 ], [ 118.791298930433214, 32.020414067286474 ], [ 118.791333759594664, 32.020354850092296 ], [ 118.791331358026241, 32.020264739729178 ], [ 118.791312829702605, 32.02017447566319 ], [ 118.791278052271579, 32.020093218129652 ], [ 118.791273618565384, 32.02002141120979 ], [ 118.791287465107615, 32.019922294296933 ], [ 118.791324507730735, 32.019831033266414 ], [ 118.79132750212294, 32.019739447723019 ], [ 118.791294096525348, 32.019690268194459 ] ] ] } },
{ "type": "Feature", "properties": { "OBJECTID": 1002, "SHAPE_Leng": 5622.4047868600001, "SHAPE_Area": 106599.837507, "len_km": null, "area_ha": "9.95" }, "geometry": { "type": "Polygon", "coordinates": [ [ [ 118.762371858088898, 32.014647525465705 ], [ 118.762466814181749, 32.01508266317758 ], [ 118.762917475721665, 32.015027016697303 ], [ 118.763896193411796, 32.014876235331108 ], [ 118.764827346831012, 32.014638935642942 ], [ 118.765744742937486, 32.01429954327088 ], [ 118.766971129034999, 32.013886802449093 ], [ 118.767692054971135, 32.013737047646352 ], [ 118.768166156332313, 32.013713023890169 ], [ 118.768413741127361, 32.013792727458686 ], [ 118.76893663065762, 32.013889418620948 ], [ 118.769904871095804, 32.014102081239123 ], [ 118.770682071799101, 32.014278529787035 ], [ 118.771018130819158, 32.014308889384331 ], [ 118.771650599900582, 32.014252031919632 ], [ 118.772730062789265, 32.013936106600852 ], [ 118.774540979613946, 32.013457819751757 ], [ 118.77577479671973, 32.013114253098898 ], [ 118.777515692587301, 32.012539370061454 ], [ 118.778605221501834, 32.012256732676768 ], [ 118.780176816979207, 32.011819512037867 ], [ 118.782171752366338, 32.011150383099171 ], [ 118.782492696308807, 32.011018906085553 ], [ 118.783195318182948, 32.01073649074916 ], [ 118.78402624879925, 32.010151829857918 ], [ 118.7843491253075, 32.009737697339702 ], [ 118.784882738195861, 32.009021348267808 ], [ 118.78537749951073, 32.008702573679351 ], [ 118.785980517924216, 32.008582377205848 ], [ 118.786601881606188, 32.008599774584361 ], [ 118.78726269301869, 32.00868339377493 ], [ 118.787162664253486, 32.008475847208601 ], [ 118.786798955012685, 32.008463747460276 ], [ 118.786520883023854, 32.008425885799454 ], [ 118.786126562450349, 32.008360313700202 ], [ 118.785621145171206, 32.00827673826101 ], [ 118.785589064160135, 32.008279753338712 ], [ 118.785130573387804, 32.008386048133559 ], [ 118.784815719212574, 32.008566260426107 ], [ 118.784537215257004, 32.008792628212703 ], [ 118.784260292261052, 32.009153568757633 ], [ 118.783917117089047, 32.009697101693071 ], [ 118.783490217867225, 32.010066717850613 ], [ 118.782934780918453, 32.010399217307722 ], [ 118.782296977591983, 32.010607816210715 ], [ 118.781531826439547, 32.010931997373596 ], [ 118.781153692255813, 32.011068648258174 ], [ 118.780807159054987, 32.011102536859752 ], [ 118.78042570145125, 32.011236290658083 ], [ 118.779787090408675, 32.011504990671135 ], [ 118.77931201532401, 32.011603486033486 ], [ 118.7787888146797, 32.011847048152845 ], [ 118.778184534640332, 32.012017776601041 ], [ 118.777783163626495, 32.012090254794423 ], [ 118.777401104051762, 32.012184389433017 ], [ 118.776814579632003, 32.012493658284654 ], [ 118.776535068011185, 32.01255112369946 ], [ 118.775864162786021, 32.012804224276287 ], [ 118.775770294932286, 32.01278804867804 ], [ 118.774925900317584, 32.012947854693017 ], [ 118.774611010136439, 32.013044061502256 ], [ 118.774326712847412, 32.013197821862676 ], [ 118.774142643163017, 32.013226581197721 ], [ 118.774013446425414, 32.01317189066836 ], [ 118.774003831092799, 32.013112703699051 ], [ 118.773919696222848, 32.013146254592897 ], [ 118.773773494228863, 32.013189210307445 ], [ 118.773768070601506, 32.013206418421412 ], [ 118.77346076410474, 32.013405761299097 ], [ 118.773106112968378, 32.013459590695589 ], [ 118.77270661500836, 32.013516801180316 ], [ 118.772112304572786, 32.013736266647513 ], [ 118.771330254039867, 32.013923373330229 ], [ 118.770855006994665, 32.013949305833144 ], [ 118.770461310191294, 32.013907317668711 ], [ 118.770374967953998, 32.013872558434933 ], [ 118.770152984596081, 32.013883553750645 ], [ 118.76974561983036, 32.013736432708363 ], [ 118.769016574162166, 32.013526111113713 ], [ 118.768394028132931, 32.013433783894399 ], [ 118.767386475323249, 32.0134564763596 ], [ 118.767198070277388, 32.013501232378083 ], [ 118.766219859206998, 32.01378278531412 ], [ 118.76522903609289, 32.014169182221998 ], [ 118.764200480605311, 32.014445458249426 ], [ 118.763560851756466, 32.014534654882624 ], [ 118.76294973191817, 32.014585955156413 ], [ 118.762579200721589, 32.014653913780556 ], [ 118.762371858088898, 32.014647525465705 ] ] ] } },
{ "type": "Feature", "properties": { "OBJECTID": 1003, "SHAPE_Leng": 4390.7387581200001, "SHAPE_Area": 105982.94551400001, "len_km": null, "area_ha": "5.23" }, "geometry": { "type": "MultiPolygon", "coordinates": [ [ [ [ 118.789725222056987, 32.008750014393819 ], [ 118.789553161714011, 32.008535677874121 ], [ 118.789162571666651, 32.008510770294286 ], [ 118.78861886711951, 32.008468848922128 ], [ 118.788066815676274, 32.008456449890126 ], [ 118.787660103887646, 32.008478089070991 ], [ 118.787316971470929, 32.008477244252404 ], [ 118.787386977721425, 32.008639268149082 ], [ 118.788202543976865, 32.008621494235527 ], [ 118.789143216408391, 32.008630477533053 ], [ 118.789600974061344, 32.008739821450526 ], [ 118.789697372223841, 32.009074751734445 ], [ 118.789968433907035, 32.009754903374407 ], [ 118.790310118183939, 32.011027403281325 ], [ 118.79063430079789, 32.011927551788283 ], [ 118.791037539959703, 32.012970408101488 ], [ 118.791290607821281, 32.013316374123498 ], [ 118.791462403701701, 32.013881057838432 ], [ 118.791493548090045, 32.014921558534368 ], [ 118.791589081156189, 32.015323281608495 ], [ 118.791905723238358, 32.015946603492921 ], [ 118.791943133081347, 32.016510006277528 ], [ 118.792097576466873, 32.016975116072302 ], [ 118.792168461168401, 32.017548380384333 ], [ 118.792308423128148, 32.017979155379308 ], [ 118.792853640409291, 32.019110438803224 ], [ 118.792941926150192, 32.020065594265098 ], [ 118.79331021364483, 32.0210234150641 ], [ 118.793416687782241, 32.021958702506453 ], [ 118.793557306969788, 32.022245731771683 ], [ 118.793534651493488, 32.022114808795898 ], [ 118.793551268759558, 32.021751772388562 ], [ 118.793577050544656, 32.021341356693334 ], [ 118.793521729513159, 32.020868641859131 ], [ 118.793438097345302, 32.020555919047602 ], [ 118.79327680810303, 32.02025849752161 ], [ 118.793156887727264, 32.019974371263054 ], [ 118.793044595823631, 32.019523605328466 ], [ 118.79291860642428, 32.019066423750523 ], [ 118.792797696388817, 32.018651134130799 ], [ 118.792695563769129, 32.018284152099177 ], [ 118.792577107287315, 32.017815299685537 ], [ 118.792506458791706, 32.017371877681512 ], [ 118.792385922549357, 32.016795667684853 ], [ 118.792312823284178, 32.016405808377904 ], [ 118.792273832902055, 32.016034963885716 ], [ 118.792277472630062, 32.01580262668535 ], [ 118.79222468647464, 32.015580335387483 ], [ 118.792052162425904, 32.015222934859636 ], [ 118.791918553053037, 32.014932392488099 ], [ 118.791797923366133, 32.014511151151396 ], [ 118.791768099568415, 32.014092927515023 ], [ 118.791673057749932, 32.013571208581929 ], [ 118.79152503547401, 32.0131371358218 ], [ 118.791386624858163, 32.012798749810642 ], [ 118.791164495960032, 32.012302609156954 ], [ 118.791001690439373, 32.011885926017719 ], [ 118.790817659342792, 32.011474497680844 ], [ 118.790715539462752, 32.011107515097613 ], [ 118.790575499193608, 32.010804837060206 ], [ 118.790474743191822, 32.010408097379788 ], [ 118.790346594148545, 32.009998526137942 ], [ 118.79021544856009, 32.009654420271858 ], [ 118.790113776873255, 32.009430503342188 ], [ 118.789912514197098, 32.009090026761591 ], [ 118.789725222056987, 32.008750014393819 ] ] ], [ [ [ 118.795083357929556, 32.024375799349095 ], [ 118.795073975887021, 32.024252105997363 ], [ 118.794716338343989, 32.024270029857618 ], [ 118.794499233865793, 32.024274739441609 ], [ 118.794354983617765, 32.024216303591885 ], [ 118.794248931199817, 32.024087610858793 ], [ 118.794164653565147, 32.023941759992823 ], [ 118.794046809399376, 32.02376499165954 ], [ 118.793979227859751, 32.023560090665939 ], [ 118.793870821873043, 32.023329991540571 ], [ 118.793787459634331, 32.023011317339936 ], [ 118.793697657006263, 32.022680508207273 ], [ 118.793651260180667, 32.022566600013576 ], [ 118.793883762132864, 32.023499593135533 ], [ 118.793926375818984, 32.023667003847315 ], [ 118.794095792728598, 32.023988310257195 ], [ 118.794048240023173, 32.024197807538194 ], [ 118.793817506226773, 32.024281501233851 ], [ 118.793941059618916, 32.024683488787467 ], [ 118.794478868913913, 32.024674288001371 ], [ 118.794905986084942, 32.024563830153269 ], [ 118.795109407801448, 32.024520018923141 ], [ 118.795083357929556, 32.024375799349095 ] ] ] ] } },
{ "type": "Feature", "properties": { "OBJECTID": 1005, "SHAPE_Leng": 6462.7328071399997, "SHAPE_Area": 39696.953780900003, "len_km": null, "area_ha": "3.97" }, "geometry": { "type": "Polygon", "coordinates": [ [ [ 118.768428122121705, 32.035189682345759 ], [ 118.768567160918352, 32.035034564001606 ], [ 118.768834838766097, 32.03478904331579 ], [ 118.769404707940993, 32.034397582562669 ], [ 118.770326425614513, 32.033790558544389 ], [ 118.770727487946743, 32.033539169503342 ], [ 118.771610783874408, 32.033039560754951 ], [ 118.77214851577817, 32.032830049078306 ], [ 118.772666959807182, 32.032638480835125 ], [ 118.773077716685165, 32.032499310003885 ], [ 118.773561091315756, 32.032375153995901 ], [ 118.773855729544053, 32.032332673846803 ], [ 118.774346927208711, 32.032139602493032 ], [ 118.7747564082851, 32.032011865513404 ], [ 118.775424176235433, 32.03183699734948 ], [ 118.77611172254791, 32.031620804536914 ], [ 118.776535774530686, 32.031534237375006 ], [ 118.77697366419234, 32.031424938506454 ], [ 118.777255215031602, 32.031313136849704 ], [ 118.777894051818265, 32.031080717923174 ], [ 118.778337377655333, 32.030948364865054 ], [ 118.778800183046656, 32.030853574633575 ], [ 118.779442811441626, 32.030714706969476 ], [ 118.779927864304526, 32.030631578459257 ], [ 118.780332774434768, 32.030509505091203 ], [ 118.781327830649502, 32.030037972396286 ], [ 118.78190233436095, 32.029967147669623 ], [ 118.782212039356622, 32.029928132580288 ], [ 118.782576316962121, 32.029828565140491 ], [ 118.783169800838934, 32.029677754770667 ], [ 118.784123429276576, 32.029400608698033 ], [ 118.784411989841416, 32.029265954638021 ], [ 118.785153418773419, 32.02887148511325 ], [ 118.785649987296068, 32.028593765301963 ], [ 118.78579512149409, 32.02846155128595 ], [ 118.786123093442228, 32.028056244995071 ], [ 118.78645212050634, 32.027570786623301 ], [ 118.786804500768739, 32.027013021560471 ], [ 118.787010078080399, 32.026891206684326 ], [ 118.787267944191171, 32.026704718530276 ], [ 118.788295099408302, 32.026285096681192 ], [ 118.788568284979149, 32.025955605382272 ], [ 118.788926573520797, 32.025798703347895 ], [ 118.789123270895303, 32.025663160829865 ], [ 118.789389355852734, 32.025362229221841 ], [ 118.789793157057275, 32.024810672943055 ], [ 118.790117739654292, 32.024149566929609 ], [ 118.789943691645092, 32.02409637334641 ], [ 118.789508344956758, 32.025002634195076 ], [ 118.788894830962093, 32.025691135199253 ], [ 118.788503620500236, 32.025796189770126 ], [ 118.788061369870903, 32.026204227414283 ], [ 118.787196107369084, 32.026579588922132 ], [ 118.786600863061892, 32.026865914620352 ], [ 118.786489108928151, 32.027185494765178 ], [ 118.786138738990473, 32.027760454846309 ], [ 118.78567947661503, 32.028437436678026 ], [ 118.785286890679458, 32.028645534379564 ], [ 118.784866814971508, 32.028899173424414 ], [ 118.784272078011028, 32.029145411554815 ], [ 118.783769040484046, 32.029369622081788 ], [ 118.783170876504926, 32.029535659968346 ], [ 118.782415493212966, 32.029730722709445 ], [ 118.781929992329026, 32.029848211729707 ], [ 118.781418113280694, 32.029927272348317 ], [ 118.781166401243482, 32.029985929471501 ], [ 118.780882313947785, 32.030120619031223 ], [ 118.780327832200356, 32.030371042308296 ], [ 118.779918138943671, 32.030515973087738 ], [ 118.779441744134928, 32.030622088354768 ], [ 118.779064778626562, 32.030664265907475 ], [ 118.778607843998032, 32.030783926033926 ], [ 118.778183072618731, 32.030882899014138 ], [ 118.777690333034542, 32.031038474830765 ], [ 118.77685904574254, 32.031379735651875 ], [ 118.776084487267013, 32.031498231050591 ], [ 118.775449691591547, 32.031721136063652 ], [ 118.774714463016025, 32.031914438955283 ], [ 118.774465565870941, 32.031929210993439 ], [ 118.774113384674038, 32.031144893730364 ], [ 118.773959899627243, 32.030893380121128 ], [ 118.77396104391606, 32.030807503370973 ], [ 118.773865526321956, 32.030577544649908 ], [ 118.773295639184127, 32.029503045171047 ], [ 118.772751547483566, 32.028343223299068 ], [ 118.772557411079589, 32.027990634181286 ], [ 118.772250600404845, 32.027477107803399 ], [ 118.772101263412296, 32.027317802182644 ], [ 118.771864842185551, 32.026986275857055 ], [ 118.771655213800955, 32.026745667426738 ], [ 118.771246333408698, 32.026326580503003 ], [ 118.771074317502098, 32.02620562456066 ], [ 118.771006094959944, 32.026281308402069 ], [ 118.771630392329868, 32.026926746339278 ], [ 118.772151565808684, 32.027479727751285 ], [ 118.77258951397998, 32.028239781595545 ], [ 118.773649090232638, 32.030324865548792 ], [ 118.773889029074567, 32.030813884518821 ], [ 118.773991816309817, 32.031086857417414 ], [ 118.774294644132439, 32.031900949357791 ], [ 118.774293118763353, 32.032015451685609 ], [ 118.774084179111725, 32.032142263376578 ], [ 118.773847807235839, 32.032225865530052 ], [ 118.773527998810621, 32.032265717173004 ], [ 118.773252613212705, 32.032334626178653 ], [ 118.772706931653858, 32.032510663684199 ], [ 118.771654003119096, 32.03292036420634 ], [ 118.770583908582239, 32.033496257284327 ], [ 118.768972641971047, 32.034556320518064 ], [ 118.76865715314058, 32.034825044318062 ], [ 118.768445395749367, 32.034977203960118 ], [ 118.768212361441712, 32.035239118895127 ], [ 118.768422934023562, 32.035075115041039 ], [ 118.768428122121705, 32.035189682345759 ] ] ] } },
{ "type": "Feature", "properties": { "OBJECTID": 1006, "SHAPE_Leng": 6895.3349808499997, "SHAPE_Area": 45909.208775699997, "len_km": null, "area_ha": "4.59" }, "geometry": { "type": "MultiPolygon", "coordinates": [ [ [ [ 118.770873531778221, 32.026290436460819 ], [ 118.770923697856674, 32.026283812737695 ], [ 118.770965699314701, 32.026284219839667 ], [ 118.771006094959944, 32.026281308402069 ], [ 118.771074317502098, 32.02620562456066 ], [ 118.771101985087142, 32.026144779334004 ], [ 118.771116751099441, 32.026087663877789 ], [ 118.771301179668569, 32.025908132600961 ], [ 118.771579062656215, 32.025650774531677 ], [ 118.771758367479251, 32.025435405858232 ], [ 118.771937926108464, 32.025200952877853 ], [ 118.772077390985018, 32.025032912754149 ], [ 118.772703083479556, 32.024061755358751 ], [ 118.772978453985843, 32.023571995371469 ], [ 118.77307535956254, 32.023361075284129 ], [ 118.773403327557276, 32.022504985721611 ], [ 118.773632294054451, 32.021714166577155 ], [ 118.773761610706444, 32.021340372208897 ], [ 118.773964887508356, 32.020291258554082 ], [ 118.774164684944353, 32.019419039015652 ], [ 118.774254928220813, 32.018698451415879 ], [ 118.774326191387487, 32.01839376038739 ], [ 118.774611888156514, 32.017841508068564 ], [ 118.77492800186667, 32.017233802329713 ], [ 118.775430044311392, 32.016542002153258 ], [ 118.775889646082433, 32.016093139609374 ], [ 118.776252653798949, 32.015748318782883 ], [ 118.776851731069257, 32.015338971356378 ], [ 118.777155948846755, 32.015203529112888 ], [ 118.777505389501357, 32.015070049533904 ], [ 118.778006868414096, 32.015009034765718 ], [ 118.778486782984231, 32.015053738950613 ], [ 118.778948532549563, 32.015201332147242 ], [ 118.779471880294722, 32.015518430637101 ], [ 118.779659934732649, 32.015780768363165 ], [ 118.779783850587364, 32.016065391332312 ], [ 118.779848277032642, 32.016275006423299 ], [ 118.77993739504025, 32.016573895878977 ], [ 118.779994598804393, 32.016990526812421 ], [ 118.780078681794819, 32.01740741625774 ], [ 118.780143349990581, 32.017598900978363 ], [ 118.780218141573698, 32.017702686936531 ], [ 118.780296805970053, 32.017852316168444 ], [ 118.780415182265557, 32.018048134219974 ], [ 118.780547049108193, 32.018240265836702 ], [ 118.780661098586435, 32.01842459031522 ], [ 118.780766744502429, 32.018566844780921 ], [ 118.78087666912343, 32.01872440898115 ], [ 118.780951563523061, 32.018820559806336 ], [ 118.781209537332543, 32.019072751310496 ], [ 118.781614600979125, 32.019358166115481 ], [ 118.782083940449041, 32.019653740668879 ], [ 118.782359147375971, 32.019806687036919 ], [ 118.782948172942483, 32.020139949436995 ], [ 118.783716386939872, 32.020493735760915 ], [ 118.784086620410406, 32.020703417501288 ], [ 118.784281626392527, 32.020771993935568 ], [ 118.784467524090729, 32.020902608039869 ], [ 118.784745066550428, 32.021091359758906 ], [ 118.78491671384559, 32.02124092320053 ], [ 118.784999831999727, 32.021308521123103 ], [ 118.785230847334432, 32.021415708885115 ], [ 118.785530414570133, 32.021633299258326 ], [ 118.785713359324248, 32.021775812043728 ], [ 118.78655952440792, 32.02237019411367 ], [ 118.787362995988076, 32.022855991172349 ], [ 118.787850058996966, 32.023126901824007 ], [ 118.788250742838073, 32.02332254799601 ], [ 118.789520369725636, 32.023933537968105 ], [ 118.789899274443215, 32.024082210099508 ], [ 118.789943691645092, 32.02409637334641 ], [ 118.790117739654292, 32.024149566929609 ], [ 118.79029182257085, 32.024215742566462 ], [ 118.790528618507977, 32.024267625241087 ], [ 118.791025063560127, 32.024337252801104 ], [ 118.791534649196905, 32.024429907160759 ], [ 118.791874139750945, 32.024509487320074 ], [ 118.792198586522332, 32.024711075630066 ], [ 118.792340299604078, 32.024838394607492 ], [ 118.792656693668775, 32.024828683337851 ], [ 118.792664991143553, 32.024708518018009 ], [ 118.792666418123076, 32.024599739937912 ], [ 118.792668746336247, 32.02442225990832 ], [ 118.79266987288365, 32.024336382472796 ], [ 118.792570196082565, 32.024249544360693 ], [ 118.792436616846658, 32.024185287745404 ], [ 118.791958653712001, 32.024243719995908 ], [ 118.79141446513573, 32.024227082879712 ], [ 118.790601693887012, 32.024190704569463 ], [ 118.789979196886236, 32.023995812304605 ], [ 118.788730654365395, 32.023365497177586 ], [ 118.788485806317865, 32.023233434234882 ], [ 118.788764859547328, 32.022883003697473 ], [ 118.788765926881084, 32.022801897628504 ], [ 118.788676199510491, 32.022810583397352 ], [ 118.788351591958744, 32.023217837234 ], [ 118.787300460285877, 32.022654287846869 ], [ 118.785823487258369, 32.021681069490953 ], [ 118.785042173499619, 32.021158638398184 ], [ 118.784325784924832, 32.020696565217655 ], [ 118.783862151639752, 32.020434454768406 ], [ 118.783154114917409, 32.020104151144622 ], [ 118.782313900876133, 32.019630476447524 ], [ 118.78148643188446, 32.019100041444702 ], [ 118.781179145551064, 32.018832266589236 ], [ 118.780772153715432, 32.018362840252429 ], [ 118.780323855935066, 32.01770577939638 ], [ 118.78016933437614, 32.017194688852499 ], [ 118.780109572147751, 32.016632977655242 ], [ 118.779961999522016, 32.01610477694372 ], [ 118.779785502589903, 32.015730896332734 ], [ 118.779547316872225, 32.015448036733126 ], [ 118.779167414160256, 32.015209618702656 ], [ 118.778873879942651, 32.015046468401152 ], [ 118.778606010657498, 32.01497517855357 ], [ 118.778243915733086, 32.014914431334667 ], [ 118.778022172032678, 32.014912295053385 ], [ 118.777732776222848, 32.014943861657422 ], [ 118.777463463788493, 32.014981347961957 ], [ 118.777328388280623, 32.015031578696757 ], [ 118.776919000334459, 32.015220211799658 ], [ 118.776546446694425, 32.015440882329294 ], [ 118.776077047841554, 32.015784677379003 ], [ 118.775759978198664, 32.01604405310237 ], [ 118.775384878951229, 32.016455558098414 ], [ 118.77493463084835, 32.017042883899407 ], [ 118.774636333178549, 32.0175744175394 ], [ 118.77444725234912, 32.01789483051666 ], [ 118.774187892716498, 32.018445824842715 ], [ 118.774068781136776, 32.018979088749013 ], [ 118.773938920695869, 32.019898745277992 ], [ 118.773795752027425, 32.020555836241265 ], [ 118.773681407977421, 32.021151176113634 ], [ 118.773324308336186, 32.022367142463857 ], [ 118.773021682416399, 32.023137207716076 ], [ 118.772913475557303, 32.02343963126885 ], [ 118.772602470740011, 32.024032510239572 ], [ 118.772098811505714, 32.024840707012515 ], [ 118.771661585984859, 32.025370887037518 ], [ 118.770873531778221, 32.026290436460819 ] ] ], [ [ [ 118.770873531778221, 32.026290436460819 ], [ 118.770873199898631, 32.026290480132744 ], [ 118.770827982871978, 32.026321057029833 ], [ 118.770800951714193, 32.026375126603838 ], [ 118.770873531778221, 32.026290436460819 ] ] ] ] } },
{ "type": "Feature", "properties": { "OBJECTID": 1007, "SHAPE_Leng": 200.580647527, "SHAPE_Area": 2044.2092720600001, "len_km": null, "area_ha": "0.2" }, "geometry": { "type": "Polygon", "coordinates": [ [ [ 118.793475705084845, 32.024878038500596 ], [ 118.793757748976091, 32.024640234842842 ], [ 118.793738338584816, 32.024582791421018 ], [ 118.793713408598776, 32.024433680535608 ], [ 118.793674475412971, 32.024327381422133 ], [ 118.793644684623146, 32.02429274275012 ], [ 118.79355071398632, 32.0242832599385 ], [ 118.793469694922692, 32.024311118495127 ], [ 118.793388864515478, 32.02432466409892 ], [ 118.793311694454275, 32.024315340969721 ], [ 118.793340434263314, 32.024430132009876 ], [ 118.79320901426513, 32.024457510791024 ], [ 118.793263246229529, 32.024678474082663 ], [ 118.793421397436674, 32.024662801356598 ], [ 118.793475705084845, 32.024878038500596 ] ] ] } },
{ "type": "Feature", "properties": { "OBJECTID": 1008, "SHAPE_Leng": 6864.2527758899996, "SHAPE_Area": 69211.729576800004, "len_km": null, "area_ha": "1.02" }, "geometry": { "type": "Polygon", "coordinates": [ [ [ 118.792656693668775, 32.024828683337851 ], [ 118.792340299604078, 32.024838394607492 ], [ 118.79243124881404, 32.024980737680785 ], [ 118.792542903167572, 32.025179344547986 ], [ 118.7925903009275, 32.02540883092319 ], [ 118.792646464984927, 32.025738604479166 ], [ 118.792694802072191, 32.025896526296457 ], [ 118.792743214420213, 32.02604872293454 ], [ 118.792795400145252, 32.026169464060217 ], [ 118.792958171812458, 32.026314160472857 ], [ 118.793165115569238, 32.026422058893417 ], [ 118.793497136595022, 32.026473888352513 ], [ 118.793973781957263, 32.026516833755466 ], [ 118.794417764122031, 32.026744365773375 ], [ 118.794915198560815, 32.027252972240113 ], [ 118.79540225796751, 32.027784381744461 ], [ 118.795465377308844, 32.027988849317381 ], [ 118.795641361515138, 32.027953828155589 ], [ 118.795501505973746, 32.027657017109995 ], [ 118.795223517150944, 32.027328000273847 ], [ 118.794951014786037, 32.02709351285683 ], [ 118.794855696595903, 32.026844484433639 ], [ 118.794795217781939, 32.02675802146706 ], [ 118.794739932563033, 32.026702623156261 ], [ 118.794681753340896, 32.0266543542091 ], [ 118.794606930461811, 32.026593998262229 ], [ 118.79453204412421, 32.0265384135338 ], [ 118.794431925687675, 32.026484974807374 ], [ 118.794306542889686, 32.026436066747728 ], [ 118.794222819350523, 32.026413798161578 ], [ 118.794060690659805, 32.026390784795417 ], [ 118.793917883042823, 32.026389426581332 ], [ 118.793744804357857, 32.02634722120505 ], [ 118.793627384282871, 32.026331789475151 ], [ 118.793501753009821, 32.026301964819488 ], [ 118.793398334702403, 32.026286666099523 ], [ 118.793309167254449, 32.026252417256217 ], [ 118.793222862782073, 32.026213422831518 ], [ 118.793119851315183, 32.026167112444696 ], [ 118.793044872393978, 32.026118682865857 ], [ 118.792986914502237, 32.026053715540883 ], [ 118.792905906992999, 32.02578875791059 ], [ 118.792886834840729, 32.025705551148327 ], [ 118.792868363475279, 32.025576543089528 ], [ 118.792824024724453, 32.025369988538863 ], [ 118.792825864580394, 32.025229722073192 ], [ 118.7927842103134, 32.025074726851514 ], [ 118.792712089656078, 32.02493661828818 ], [ 118.792656693668775, 32.024828683337851 ] ] ] } }
]
}
